,0,1,2,3,4,5,6,7,8,9,10,11,12,13,14,15,16,17,18,19,20,21,22,23,24,25,26,hotel_en_nm,room_index,room_nm,room_price,room_price_weekend,room_area,standard_date
0,1403,경기도,가평군,콘도미니엄,켄싱턴리조트청평,㈜이랜드 민혜정,영업중,-,-,지하2층~지상7층,6360,19997.68,176,가평군 상면 청군로 430,"수영장, 레스토랑",경기도 가평군 상면 청군로 430,경기도 가평군 상면 덕현리 402-10 켄싱턴리조트청평,37.759827,127.3953595,경기도,가평군,상면 덕현리,402-10,402,10,4182033025,4182033025-0-04020010,,,,,,,
1,1404,경기도,가평군,콘도미니엄,"아난티펜트하우스, 서울",에머슨퍼시픽㈜ 이만규,영업중,-,-,지하3층~지상4층,15479.99,47838.58,76,가평군 설악면 유명로 1007-90,"수영장, 레스토랑",경기도 가평군 설악면 유명로 1007-90,경기도 가평군 설악면 방일리 653-4,37.6241052,127.4801094,경기도,가평군,설악면 방일리,653-4,653,4,4182031033,4182031033-0-06530004,,,,,,,
2,1405,경기도,가평군,콘도미니엄,W지우리조트,김학노,영업중,-,-,지하3층~지상1층,7698,5491,98,가평군 가평읍 북한강변로 970-9,"수영장, 까페",경기도 가평군 가평읍 북한강변로 970-9,경기도 가평군 가평읍 달전리 159-15,37.7998048,127.5232848,경기도,가평군,가평읍 달전리,159-15,159,15,4182025023,4182025023-0-01590015,,,,,,,
3,1406,경기도,가평군,관광호텔,이코노미호텔 가평점,윤정일,영업중,2성급,2016.9.26.,지하1~지상5,2019,4000.42,39,경기도 가평군 설악면 선촌리 541-1외 1필지,"식당, 휴게실, 찜질방, 노래방 등",경기도 가평군 설악면 선촌리 541-1외 1필지,경기도 가평군 설악면 선촌리 541,37.6779073,127.4738345,경기도,가평군,설악면 선촌리,541,541,0,4182031022,4182031022-0-05410000,,,,,,,
4,1407,경기도,가평군,관광호텔,클럽인너호텔앤리조트,한상구,영업중,특2등급,2015.12.18.,지하1~지상4,10935,10948,70,경기도 가평군 가평읍 북한강변로 382,"야외수영장, 휘트니스센터, 식당, 카페 등",경기도 가평군 가평읍 북한강변로 382,경기도 가평군 가평읍 금대리 23-3,37.7631318,127.5406694,경기도,가평군,가평읍 금대리,23-3,23,3,4182025034,4182025034-0-00230003,,,,,,,
5,1408,경기도,가평군,관광호텔,파로티아 워터하우스호텔,강유진,영업중,미신청,-,지하1~지상3,6811,5148.75,65,경기도 가평군 설악면 미사리로 707-98,-,경기도 가평군 설악면 미사리로 707-98,경기도 가평군 설악면 미사리 498-3,37.7181505,127.5417308,경기도,가평군,설악면 미사리,498-3,498,3,4182031026,4182031026-0-04980003,,,,,,,
6,1409,경기도,가평군,가족호텔,캐비어파크알앤디리조트,김상우,영업중,-,-,지하1~지상5,-,2635,52,경기도 가평군 상면 덕현리 산74-12,-,경기도 가평군 상면 덕현리 산74-12,경기도 가평군 상면 덕현리 산74-12 청평가족호텔,37.7538027,127.4134872,경기도,가평군,상면 덕현리,74-12,74,12,4182033025,4182033025-0-00740012,,,,,,,
7,1410,경기도,가평군,가족호텔,까사32,김애니은희,영업중,-,-,지하1~지상4,4449,3016,31,경기도 가평군 설악면 회곡리 467-6,"비즈니스센터, 식당, 수영장",경기도 가평군 설악면 회곡리 467-6,경기도 가평군 설악면 회곡리 467-6 CASA32 리조트,37.7112221,127.4455028,경기도,가평군,설악면 회곡리,467-6,467,6,4182031023,4182031023-0-04670006,Casa 32 Resort,1,디럭스룸 (Deluxe),"159,529","191,435",76m²,2021-12-13
8,1411,경기도,가평군,가족호텔,퍼핀스베이,표건우,영업중,-,-,지하2~지상4,1378,2599,31,경기도 가평군 설악면 유명로 2450,-,경기도 가평군 설악면 유명로 2450,경기도 가평군 설악면 회곡리 743-1,37.7160297,127.4390378,경기도,가평군,설악면 회곡리,743-1,743,1,4182031023,4182031023-0-07430001,,,,,,,
9,1412,경기도,가평군,가족호텔,오버더마운틴,이기원,영업중,-,-,지하1~지상3,7743,3101.44,30,경기도 가평군 상면 행현리 635,-,경기도 가평군 상면 행현리 635,경기도 가평군 상면 행현리 635 Over the mountain,37.7450262,127.3479375,경기도,가평군,상면 행현리,635,635,0,4182033023,4182033023-0-06350000,,,,,,,
10,1413,경기도,가평군,호스텔,AUGUST,이계림,영업중,-,-,지하1~지상4,2926,1512.99,26,경기도 가평군 설악면 자잠로282번길 92,"까페, 수영장",경기도 가평군 설악면 자잠로282번길 92,경기도 가평군 설악면 사룡리 133-3,37.7007882,127.4970079,경기도,가평군,설악면 사룡리,133-3,133,3,4182031024,4182031024-0-01330003,,,,,,,
11,1414,경기도,가평군,호스텔,마로니에,강정자,영업중,-,-,지하1~지상2,3724,960.8,10,경기도 가평군 청평면 호명리길 57-98,-,경기도 가평군 청평면 호명리길 57-98,경기도 가평군 청평면 호명리 144-4,37.7245078,127.459883,경기도,가평군,청평면 호명리,144-4,144,4,4182032525,4182032525-0-01440004,,,,,,,
12,1415,경기도,가평군,호스텔,아쿠아비타,국제자산신탁㈜,영업중,-,-,지하1~지상4,3127,1625.03,19,경기도 가평군 설악면 자잠로 282번길 72-235,-,경기도 가평군 설악면 자잠로 282번길 72-235,경기도 가평군 설악면 사룡리 9-37,37.6961182,127.5077412,경기도,가평군,설악면 사룡리,9-37,9,37,4182031024,4182031024-0-00090037,,,,,,,
13,1416,경기도,가평군,소형호텔,힐스테이,서영순,영업중,미신청,-,지하1~지상3,5464,2267,21,경기도 가평군 설악면 자잠로 282번길 18-16,수영장,경기도 가평군 설악면 자잠로 282번길 18-16,경기도 가평군 설악면 사룡리 177-4,37.6972617,127.4920175,경기도,가평군,설악면 사룡리,177-4,177,4,4182031024,4182031024-0-01770004,,,,,,,
14,1417,경기도,고양시,관광호텔,소노캄 고양,㈜소노호텔앤리조트,영업중,5성급,2020.5.15.,지하 4층 ~ 지상 20층,13733,90124,826,경기도 고양시 일산동구 태극로 20(장항동),"피트니스 클럽, 비즈니스 센터, 야외수영장, 동물병원 등 ",경기도 고양시 일산동구 태극로 20 (장항동),경기도 고양시 일산동구 장항동 1756 소노캄 고양 이스트타워,37.6619268,126.7507528,경기도,고양시 일산동구,장항동,1756,1756,0,4128510400,4128510400-0-17560000,,,,,,,
15,1418,경기도,고양시,관광호텔,호텔 더 윈,-,영업중,2성급,2020.11.19.,지하 3층 ~ 지상 12층,805,6298.62,80,경기도 고양시 덕양구 원흥3로 6-14(원흥동),"외국인서비스식당, 조경시설",경기도 고양시 덕양구 원흥3로 6-14 (원흥동),경기도 고양시 덕양구 원흥동 634-4 호텔더 윈,37.6476314,126.8751221,경기도,고양시 덕양구,원흥동,634-4,634,4,4128110400,4128110400-0-06340004,,,,,,,
16,1419,경기도,고양시,호스텔,Limit 8 호스텔,-,영업중,-,-,지상 8층,1520.5,1172,27,"경기도 고양시 일산동구 무궁화로 37, 노블리제 8층(장항동)","취사 및 문화교류시설, 여행객 짐보관소","경기도 고양시 일산동구 무궁화로 37, 노블리제 8층 (장항동)",경기도 고양시 일산동구 장항동 734-1 노블리제,37.663289,126.7682073,경기도,고양시 일산동구,장항동,734-1,734,1,4128510400,4128510400-0-07340001,,,,,,,
17,1420,경기도,광명시,관광호텔,라까사호텔 광명,(주)라까사웍스,영업중,"호텔등급신청중
(코로나로 인한 연기)",-,지하5층~지상16층,2219.8,21757.73,194,경기도 광명시 일직로 12번길22(일직동),"레스토랑, 헬스장, 코인세탁실",경기도 광명시 일직로 12번길22 (일직동),경기도 광명시 일직동 508-3 라까사웍스,37.4212333,126.8819771,경기도,광명시,일직동,508-3,508,3,4121010600,4121010600-0-05080003,,,,,,,
18,1421,경기도,광명시,관광호텔,광명 제이에스부티크호텔,박진식,영업중,2성급,19.12.13.,지하2층~지상10층,704.8,4869.93,88,경기도 광명시 오리로854번길 16-18 (철산동),"카페, 레스토랑",경기도 광명시 오리로854번길 16-18 (철산동),경기도 광명시 철산동 423,37.4742753,126.8688583,경기도,광명시,철산동,423,423,0,4121010200,4121010200-0-04230000,,,,,,,
19,1422,경기도,광주시,콘도미니엄,곤지암리조트,㈜ 에스앤아이코퍼레이션,영업중,-,-,지하3층~지상13층,29520,9786,473,경기도 광주시 도척면 도척윗로 278,"음식점, 카페, 연회장, 헬스장,라운지,비즈니스센터",경기도 광주시 도척면 도척윗로 278,경기도 광주시 도척면 도웅리 534,37.3374315,127.2922079,경기도,광주시,도척면 도웅리,534,534,0,4161033026,4161033026-0-05340000,,,,,,,
20,1423,경기도,김포시,관광호텔,약암홍염천관광호텔주식회사,약암홍염천관광호텔주식회사,영업중,평가중,-,지하1층~지상5층,6346,7962.37,71,경기도 김포시 대곶면 약암로 965-7,"음식점, 카페, 사우나 등",경기도 김포시 대곶면 약암로 965-7,경기도 김포시 대곶면 약암리 481,37.6387579,126.5518696,경기도,김포시,대곶면 약암리,481,481,0,4157034023,4157034023-0-04810000,,,,,,,
21,1424,경기도,김포시,호스텔,라인플러스호텔,박진아,영업중,등급평가제외,-,지하1층~지상4층,1465,1265.48,36,경기도 김포시 통진읍 김포대로 2337-1,"카페, 조식식당 등",경기도 김포시 통진읍 김포대로 2337-1,경기도 김포시 통진읍 마송리 161-5 라인플러스관광호텔,37.6943434,126.5876844,경기도,김포시,통진읍 마송리,161-5,161,5,4157025022,4157025022-0-01610005,,,,,,,
22,1425,경기도,김포시,관광호텔,아리수호텔,김주영,영업중,2성급,2019.05.31.,지하1층~지상7층,1489.5,4687.75,66,"경기도 김포시 태장로795번길 123 (장기동, 아리수호텔)","식당공간, 카페 등","경기도 김포시 태장로795번길 123 (장기동, 아리수호텔)",경기도 김포시 장기동 2014-3 더블유관광호텔,37.638983,126.6838935,경기도,김포시,장기동,2014-3,2014,3,4157010400,4157010400-0-20140003,,,,,,,
23,1426,경기도,김포시,가족호텔,호텔라르김포,최태인,영업중,평가예정,-,지하2층~지상14층,753.6,7092.49,144,경기도 김포시 고촌읍 장차로5번길 5-9,"식당공간, 카페 등",경기도 김포시 고촌읍 장차로5번길 5-9,경기도 김포시 고촌읍 신곡리 1068-3,37.602743,126.7692645,경기도,김포시,고촌읍 신곡리,1068-3,1068,3,4157025324,4157025324-0-10680003,,,,,,,
24,1427,경기도,김포시,관광호텔,레스트호텔,덕성산업,영업중,3성급,2020.12.04.,지하2층~지상8층,1343.9,7051.66,70,경기도 김포시 태장로795번길 151 (장기동),"식당공간, 카페 등",경기도 김포시 태장로795번길 151 (장기동),경기도 김포시 장기동 2011-5,37.6399295,126.6850994,경기도,김포시,장기동,2011-5,2011,5,4157010400,4157010400-0-20110005,,,,,,,
25,1428,경기도,김포시,관광호텔,펜타스타호텔,주식회사펜타스타,영업중,2성급,2019.05.07.,지하1층~지상7층,1490,4788.76,69,경기도 김포시 태장로795번길 111 (장기동),"식당공간, 카페, 편의점 등",경기도 김포시 태장로795번길 111 (장기동),경기도 김포시 장기동 2014-5,37.6386547,126.6835499,경기도,김포시,장기동,2014-5,2014,5,4157010400,4157010400-0-20140005,,,,,,,
26,1429,경기도,김포시,관광호텔,아셈호텔,주식회사 아셈,영업중,3성급,2019.10.28.,지하2층~지상7층,1371.3,6114.3,73,경기도 김포시 태장로795번길 145 (장기동),"식당공간, 카페 등",경기도 김포시 태장로795번길 145 (장기동),경기도 김포시 장기동 2011-2,37.6404441,126.6843164,경기도,김포시,장기동,2011-2,2011,2,4157010400,4157010400-0-20110002,,,,,,,
27,1430,경기도,김포시,관광호텔,스타비아 관광호텔,주식회사 유림인터내셔널,영업중,평가중,-,지하1층~지상7층,1271.9,4842.46,69,경기도 김포시 태장로795번길 147 (장기동),"식당공간, 카페 등",경기도 김포시 태장로795번길 147 (장기동),경기도 김포시 장기동 2011-3,37.6402691,126.6846576,경기도,김포시,장기동,2011-3,2011,3,4157010400,4157010400-0-20110003,,,,,,,
28,1431,경기도,남양주시,관광호텔,골드관광호텔,김금옥,영업중,1성급,2017.4.14.,6층(지하1~지상6),2878,2086,33, 경기도 남양주시 별내면 청학로 92번길 133,-,경기도 남양주시 별내면 청학로 92번길 133,경기도 남양주시 별내면 청학리 494-27,37.7093857,127.1108716,경기도,남양주시,별내면 청학리,494-27,494,27,4136031021,4136031021-0-04940027,,,,,,,
29,1432,경기도,남양주시,관광호텔,호텔더메이,강순철,영업중,3성급,2018.10.16.,16층(지하3~지상16),1277,10967,126, 경기도 남양주시 별내2로 70,"휴게음식점, 일반음식점",경기도 남양주시 별내2로 70,경기도 남양주시 별내동 1008-1,37.6466717,127.1251642,경기도,남양주시,별내동,1008-1,1008,1,4136011100,4136011100-0-10080001,,,,,,,
30,1433,경기도,남양주시,관광호텔,제이디관광호텔,"구제원,구정두",영업중,2성급,2017.8.18.,8층(지하3~지상8),724,5591,71,경기도 남양주시 진접읍 해밀예당1로 50-44,"일반음식점, 휴게실",경기도 남양주시 진접읍 해밀예당1로 50-44,경기도 남양주시 진접읍 금곡리 1082-5,37.712,127.1875807,경기도,남양주시,진접읍 금곡리,1082-5,1082,5,4136025328,4136025328-0-10820005,,,,,,,
31,1434,경기도,남양주시,관광호텔,CH관광호텔,이승연,영업중,등급보류,-,4층(지하2~지상4),1548,4992,55,경기도 남양주시 별내면 청학로 77,"연회장, 휴게음식점",경기도 남양주시 별내면 청학로 77,경기도 남양주시 별내면 청학리 438,37.7073117,127.11846,경기도,남양주시,별내면 청학리,438,438,0,4136031021,4136031021-0-04380000,,,,,,,
32,1435,경기도,동두천시,관광호텔,뉴프리첼관광호텔,주식회사 제일상호저축은행,휴업중,등급없음,-,지하2~지상7층,5721,4723,39,경기도 동두천시 삼육사로 1093 (생연동),"나이트클럽, 한,양식당, 예식장, 미용실, 노래방 1개소",경기도 동두천시 삼육사로 1093 (생연동),경기도 동두천시 생연동 53 프리첼관광호텔,37.8972332,127.0708203,경기도,동두천시,생연동,53,53,0,4125010300,4125010300-0-00530000,,,,,,,
33,1436,경기도,부천시,관광호텔,파비아 관광호텔,김광준,영업중,1성급,2019.8.21.,지하2층~지상5층,1577.1,3762.34,50,"경기도 부천시 부일로 510 (심곡동, 파비아관광호텔)","유흥주점, 커피숍, 일반음식점","경기도 부천시 부일로 510 (심곡동, 파비아관광호텔)",경기도 부천시 심곡동 139-4,37.48504,126.7866945,경기도,부천시,심곡동,139-4,139,4,4119010200,4119010200-0-01390004,,,,,,,
34,1437,경기도,부천시,관광호텔,테마파크관광호텔,최임묵,영업중,1성급,2018.8.22.,지하1층~지상12층,1419.1,7004.35,100,"경기도 부천시 길주로 69 (상동, 테마파크관광호텔)","비즈니스룸, 일반음식점, 회의실, 일반음식점, 유흥주점","경기도 부천시 길주로 69 (상동, 테마파크관광호텔)",경기도 부천시 상동 531-6 테마파크관광호텔,37.5064238,126.7500537,경기도,부천시,상동,531-6,531,6,4119010900,4119010900-0-05310006,,,,,,,
35,1438,경기도,부천시,관광호텔,제니스관광호텔,이병희,영업중,1성급,2018.3.23.,지하2층~지상8층,821.6,4759.75,59,경기도 부천시 길주로77번길 19-22 (상동),"비지니스룸, 유흥주점",경기도 부천시 길주로77번길 19-22 (상동),경기도 부천시 상동 532-19,37.5069444,126.7503399,경기도,부천시,상동,532-19,532,19,4119010900,4119010900-0-05320019,,,,,,,
36,1439,경기도,부천시,관광호텔,부천호텔,유한회사 버자,영업중,2성급,2018.5.3.,지하3층~지상12층,1298.6,10222.18,98,경기도 부천시 길주로 131 (상동),"일반음식점, 비즈니스센터, 유흥주점",경기도 부천시 길주로 131 (상동),경기도 부천시 상동 538-5 B-STAY 부천호텔,37.5060781,126.7572073,경기도,부천시,상동,538-5,538,5,4119010900,4119010900-0-05380005,,,,,,,
37,1440,경기도,부천시,관광호텔,폴라리스관광호텔,(주)폴라리스관광호텔,영업중,기간만료,-,지하3층~지상11층,971.6,8531.13,96,"경기도 부천시 소향로13번길 27 (상동, (주)폴라리스관광호텔)","1층 : 일반음식점 (밸뷔레스토랑), 비지니스룸","경기도 부천시 소향로13번길 27 (상동, (주)폴라리스관광호텔)",경기도 부천시 상동 548-3 폴라리스 관광호텔,37.5051109,126.7490357,경기도,부천시,상동,548-3,548,3,4119010900,4119010900-0-05480003,,,,,,,
38,1441,경기도,부천시,관광호텔,유한회사 고려,유한회사 고려,영업중,기간만료,-,지하3층~지상15층,1238.1,12695.09,127,경기도 부천시 길주로 66 (상동),"커피숍, 비즈니스룸, 일반음식접, 유흥주점, 연희장 ",경기도 부천시 길주로 66 (상동),경기도 부천시 상동 548-5 고려호텔,37.5054268,126.7495393,경기도,부천시,상동,548-5,548,5,4119010900,4119010900-0-05480005,,,,,,,
39,1442,경기도,부천시,관광호텔,에스호텔,"김경민, 조재경",영업중,2성급,2019.12.26.,지하1층~지상6층,794,2731.77,55,경기도 원미로17번길 28(심곡동),"일반음식점, 비즈니스센터, 유흥주점",경기도 부천시 원미로17번길 28 (심곡동),경기도 부천시 심곡동 139-7 첼로모텔,37.4847401,126.7873905,경기도,부천시,심곡동,139-7,139,7,4119010200,4119010200-0-01390007,,,,,,,
40,1443,경기도,성남시,관광호텔,리젠시호텔,㈜솜코리아,영업중,1성급,2017.12.12.,지하1/지상8,532,2483,56,경기도 성남시 분당구 황새울로 352 (서현동),일반음식점,경기도 성남시 분당구 황새울로 352 (서현동),경기도 성남시 분당구 서현동 249-5 호텔리젠시,37.3867354,127.1241678,경기도,성남시 분당구,서현동,249-5,249,5,4113510500,4113510500-0-02490005,,,,,,,
41,1444,경기도,성남시,관광호텔,호텔갤러리,임선희,영업중,3성급,2018.11.7.,지하3/지상8,1105,8133,111,경기도 성남시 분당구 황새울로 321 (서현동),"와인샵, 와인바, 레스토랑",경기도 성남시 분당구 황새울로 321 (서현동),경기도 성남시 분당구 서현동 272-2 비지니스호텔갤러리,37.385329,127.121089,경기도,성남시 분당구,서현동,272-2,272,2,4113510500,4113510500-0-02720002,,,,,,,
42,1445,경기도,성남시,관광호텔,호텔에스알,권준상 외2,영업중,2성급,2017.12.26.,지하2/지상8,766,4982,66,경기도 성남시 분당구 황새울로319번길 9 (서현동),"레스토랑, 일반음식점",경기도 성남시 분당구 황새울로319번길 9 (서현동),경기도 성남시 분당구 서현동 274-1,37.385548,127.1201835,경기도,성남시 분당구,서현동,274-1,274,1,4113510500,4113510500-0-02740001,,,,,,,
43,1446,경기도,성남시,관광호텔,바인호텔,박대광,영업중,2성급,2017.12.28.,지하1/지상9,600,3890,66,경기도 성남시 중원구 산성대로 184 (성남동),휴게음식점,경기도 성남시 중원구 산성대로 184 (성남동),경기도 성남시 중원구 성남동 2191,37.4361052,127.13927,경기도,성남시 중원구,성남동,2191,2191,0,4113310100,4113310100-0-21910000,,,,,,,
44,1447,경기도,성남시,관광호텔,메이트호텔,진성국,영업중,2성급,2017.12.05.,지하5/지상6,770,4887,62,경기도 성남시 분당구 황새울로335번길 7 (서현동),레스토랑,경기도 성남시 분당구 황새울로335번길 7 (서현동),경기도 성남시 분당구 서현동 261-4,37.3861855,127.12156,경기도,성남시 분당구,서현동,261-4,261,4,4113510500,4113510500-0-02610004,,,,,,,
45,1448,경기도,성남시,관광호텔,코트야드 바이매리엇 서울 판교,미래에셋 컨설팅㈜,영업중,4성급,2018.2.1.,지상7~지상16,3310,41521,282,경기도 성남시 분당구 판교역로192번길 12 (삼평동),"일반음식점, 연회장, 피트니스, 라운지",경기도 성남시 분당구 판교역로192번길 12 (삼평동),경기도 성남시 분당구 삼평동 664 판교미래에셋센터,37.397491,127.1107446,경기도,성남시 분당구,삼평동,664,664,0,4113510900,4113510900-0-06640000,,,,,,,
46,1449,경기도,성남시,관광호텔,호텔루이스,진춘호,영업중,2성급,2019.10.4.,지하3/지상13,520,4633,100,경기도 성남시 중원구 광명로 22-1 (성남동),레스토랑,경기도 성남시 중원구 광명로 22-1 (성남동),경기도 성남시 중원구 성남동 3252 코스코빌딩,37.4329767,127.1317587,경기도,성남시 중원구,성남동,3252,3252,0,4113310100,4113310100-0-32520000,,,,,,,
47,1450,경기도,성남시,관광호텔,밀리토피아호텔,국군복지단,영업중,4성급,2019.11.11.,지하3/지상13,38076,19172.44,149,경기도 성남시 수정구 위례대로 83 (창곡동),"라운지, 비즈니스센터, 일반음식점, 스카이라운지",경기도 성남시 수정구 위례대로 83 (창곡동),경기도 성남시 수정구 창곡동 566,37.4677866,127.1431159,경기도,성남시 수정구,창곡동,566,566,0,4113110800,4113110800-0-05660000,,,,,,,
48,1451,경기도,성남시,관광호텔,호텔야자 관광호텔,이원배 외 2,영업중,1성급,2018.5.21.,지상9~지상10,1049,1191.88,35,경기도 성남시 수정구 위례광장로 9-10 (창곡동),"휴게음식점, 세탁 및 린넨실",경기도 성남시 수정구 위례광장로 9-10 (창곡동),경기도 성남시 수정구 창곡동 561-2 아롬타워,37.4649137,127.1406277,경기도,성남시 수정구,창곡동,561-2,561,2,4113110800,4113110800-0-05610002,,,,,,,
49,1452,경기도,성남시 ,호스텔,호텔 루비 호스텔,신연실,영업중,-,-,지상4,1158,885.596,24,경기도 성남시 분당구 성남대로 30(구미동),"휴게음식점, 린넨실",경기도 성남시 분당구 성남대로 30 (구미동),경기도 성남시 분당구 구미동 185-5,37.3383731,127.10941,경기도,성남시 분당구,구미동,185-5,185,5,4113511400,4113511400-0-01850005,,,,,,,
50,1453,경기도,성남시,관광호텔,서머셋센트럴분당,탄라이셍 등2,영업중,3성급,2019.6.5.,지하6/지상9,2045.9,20561.08,206,경기도 성남시 분당구 황새울로311번길 36 (서현동),"레스토랑, 라운지카페, 휘트니스센터, 미팅룸, 비지니스센터",경기도 성남시 분당구 황새울로311번길 36 (서현동),경기도 성남시 분당구 서현동 261-1 서머셋센트럴 분당,37.3865396,127.1212274,경기도,성남시 분당구,서현동,261-1,261,1,4113510500,4113510500-0-02610001,,,,,,,
51,1454,경기도,성남시,관광호텔,카인드호텔,㈜카인드,영업중,3성급,2020.11.19.,지하4/지상8,770.2,5534.12,92,경기도 성남시 분당구 황새울로329번길 10 (서현동),"휴게음식점, 일반음식점,세탁실,세미나실",경기도 성남시 분당구 황새울로329번길 10 (서현동),경기도 성남시 분당구 서현동 261-3 카인드호텔,37.3863378,127.1214157,경기도,성남시 분당구,서현동,261-3,261,3,4113510500,4113510500-0-02610003,,,,,,,
52,1455,경기도,성남시,관광호텔,㈜신세계조선호텔 그래비티서울판교,㈜신세계조선호텔,영업중,평가중,-,지하7/지상18,2410.4,29701.38,306,경기도 성남시 분당구 판교역로146번길 2 (백현동),"레스토랑, 수영장, 체력단련장, 세탁실, 비즈니스코너, 연회장",경기도 성남시 분당구 판교역로146번길 2 (백현동),경기도 성남시 분당구 백현동 538 그래비티 타워,37.3933238,127.1101093,경기도,성남시 분당구,백현동,538,538,0,4113511000,4113511000-0-05380000,,,,,,,
53,1456,경기도,수원시,관광호텔,(주)코리아관광호텔,노상원,영업중,기간만료,-,지하1층~지상8층,906.5,5211.28,84,경기도 수원시 팔달구 권광로175번길 62 (인계동),레스토랑,경기도 수원시 팔달구 권광로175번길 62 (인계동),경기도 수원시 팔달구 인계동 1030-7 호텔코리아,37.264328,127.0290128,경기도,수원시 팔달구,인계동,1030-7,1030,7,4111514100,4111514100-0-10300007,,,,,,,
54,1457,경기도,수원시,관광호텔,MS HOTEL,최병식,영업중,2성급,2019.6.17.,지하1층~지상10층,951.6,4846.28,57,경기도 수원시 권선구 효원로220번길 22 (권선동),레스토랑,경기도 수원시 권선구 효원로220번길 22 (권선동),경기도 수원시 권선구 권선동 1010-5 프린스호텔,37.2621113,127.025221,경기도,수원시 권선구,권선동,1010-5,1010,5,4111313700,4111313700-0-10100005,,,,,,,
55,1458,경기도,수원시,관광호텔,랜드마크호텔,임명수,영업중,2성급,2019.9.27.,지하2층~지상15층,700.4,8502.05,104,경기도 수원시 영통구 봉영로 1591 (영통동),"레스토랑, 연회장, 비즈니스센터 등",경기도 수원시 영통구 봉영로 1591 (영통동),경기도 수원시 영통구 영통동 959-6 랜드마크호텔,37.2535376,127.0725483,경기도,수원시 영통구,영통동,959-6,959,6,4111710500,4111710500-0-09590006,,,,,,,
56,1459,경기도,수원시,관광호텔,이비스앰배서더수원,권병국,영업중,3성급,2018.3.8.,지하7층~지상13층,3364,39950.79,240,경기도 수원시 팔달구 권광로 132 (인계동),"레스토랑, 연회장, 코인세탁소, 환전영업소, 면세점",경기도 수원시 팔달구 권광로 132 (인계동),경기도 수원시 팔달구 인계동 1132-12 이비스앰배서더호텔,37.2592852,127.0313219,경기도,수원시 팔달구,인계동,1132-12,1132,12,4111514100,4111514100-0-11320012,,,,,,,
57,1460,경기도,수원시,관광호텔,실크로드호텔,박묘은,영업중,3성급,2019.5.10.,지하1층~지상9층,1238,3669.74,90,경기도 수원시 팔달구 인계로94번길 27-19 (인계동),레스토랑,경기도 수원시 팔달구 인계로94번길 27-19 (인계동),경기도 수원시 팔달구 인계동 1022-1,37.2668745,127.028542,경기도,수원시 팔달구,인계동,1022-1,1022,1,4111514100,4111514100-0-10220001,,,,,,,
58,1461,경기도,수원시,관광호텔,심포니관광호텔,허성남 외 1 명,영업중,기간만료,-,지하1층~지상10층,663.2,3952.87,64,경기도 수원시 영통구 반달로128번길 13 (영통동),레스토랑,경기도 수원시 영통구 반달로128번길 13 (영통동),경기도 수원시 영통구 영통동 996-5 호텔심포니,37.2546169,127.0754582,경기도,수원시 영통구,영통동,996-5,996,5,4111710500,4111710500-0-09960005,,,,,,,
59,1462,경기도,수원시,관광호텔,아모르관광호텔,허성남 외 1 명,영업중,기간만료,-,지하1층~지상10층,663,3951.01,64,경기도 수원시 영통구 반달로128번길 9 (영통동),레스토랑,경기도 수원시 영통구 반달로128번길 9 (영통동),경기도 수원시 영통구 영통동 996-6 호텔아모르,37.2544623,127.0753086,경기도,수원시 영통구,영통동,996-6,996,6,4111710500,4111710500-0-09960006,,,,,,,
60,1463,경기도,수원시,관광호텔,라마다프라자호텔수원,최정호,영업중,4성급,2018.9.16.,지하6층~지상18층,3925.3,35471.19,287,경기도 수원시 팔달구 중부대로 150 (인계동),"레스토랑, 연회장, 체력단련실 등",경기도 수원시 팔달구 중부대로 150 (인계동),경기도 수원시 팔달구 인계동 940 라마다프라자호텔,37.2777366,127.0324283,경기도,수원시 팔달구,인계동,940,940,0,4111514100,4111514100-0-09400000,,,,,,,
61,1464,경기도,수원시,관광호텔,호텔퀸,곽근숙 외 1 명,영업중,등급보류,2019.11.8.,지하1층~지상5층,636.32,2096.46,36,경기도 수원시 팔달구 중부대로10번길 9 (구천동),레스토랑,경기도 수원시 팔달구 중부대로10번길 9 (구천동),경기도 수원시 팔달구 구천동 24,37.2746361,127.0175239,경기도,수원시 팔달구,구천동,24,24,0,4111512600,4111512600-0-00240000,,,,,,,
62,1465,경기도,수원시,관광호텔,수원애경역사 주식회사(노보텔 앰배서더 수원),김진태,영업중,기간만료,-,지하3층~지상9층,8130,34581.31,287,"경기도 수원시 팔달구 덕영대로 902 (매산로1가, 노보텔앰배서더수원)","레스토랑, 연회장, 카페&바, 휘트니스센터 등","경기도 수원시 팔달구 덕영대로 902 (매산로1가, 노보텔앰배서더수원)",경기도 수원시 팔달구 매산로1가 18-7 노보텔앰배서더수원,37.268392,126.9991161,경기도,수원시 팔달구,매산로1가,18-7,18,7,4111513400,4111513400-0-00180007,,,,,,,
63,1466,경기도,수원시,관광호텔,타소스호텔,한태선 외 3 명,영업중,1성급,2019.6.17.,지하2층~지상7층,1139.2,2593.58,41,경기도 수원시 권선구 권선로669번길 26 (권선동),"레스토랑, 비즈니스센터, 헬스클럽",경기도 수원시 권선구 권선로669번길 26 (권선동),경기도 수원시 권선구 권선동 1011-17,37.2609746,127.0252587,경기도,수원시 권선구,권선동,1011-17,1011,17,4111313700,4111313700-0-10110017,,,,,,,
64,1467,경기도,수원시,관광호텔,자니비,안홍매,영업중,1성급,2019.5.3.,지하1층~지상5층,349.3,1099,31,경기도 수원시 권선구 장다리로 75 (권선동),"식당, 비즈니스센터",경기도 수원시 권선구 장다리로 75 (권선동),경기도 수원시 권선구 권선동 993-6,37.2572068,127.0203561,경기도,수원시 권선구,권선동,993-6,993,6,4111313700,4111313700-0-09930006,,,,,,,
65,1468,경기도,수원시,관광호텔,도노호텔,김호균,영업중,1성급,2019.7.6.,지하2층~지상4층,822,2852.91,41,경기도 수원시 팔달구 신풍로 68 (장안동),"레스토랑, 휴게실, 비즈니스룸",경기도 수원시 팔달구 신풍로 68 (장안동),경기도 수원시 팔달구 장안동 30-6,37.287033,127.0138685,경기도,수원시 팔달구,장안동,30-6,30,6,4111513100,4111513100-0-00300006,,,,,,,
66,1469,경기도,수원시,관광호텔,로얄프라임호텔,정부길 외 1 명,영업중,2성급,2019.12.20.,지하2층~지상9층,969.2,4692.16,64,경기도 수원시 권선구 금곡로197번길 17-10 (금곡동),"레스토랑, 휴게실, 회의실, 비즈니스센터",경기도 수원시 권선구 금곡로197번길 17-10 (금곡동),경기도 수원시 권선구 금곡동 1111-2,37.2745137,126.9513444,경기도,수원시 권선구,금곡동,1111-2,1111,2,4111313400,4111313400-0-11110002,,,,,,,
67,1470,경기도,수원시,관광호텔,선샤인호텔,김석곤,영업중,1성급,2018.3.22.,지하층~지상층,668.1,2196.44,47,경기도 수원시 팔달구 인계로94번길 39-14 (인계동),"일반음식점, 유흥주점",경기도 수원시 팔달구 인계로94번길 39-14 (인계동),경기도 수원시 팔달구 인계동 1024-13,37.2660566,127.0279033,경기도,수원시 팔달구,인계동,1024-13,1024,13,4111514100,4111514100-0-10240013,,,,,,,
68,1471,경기도,수원시,관광호텔,알렉스72호텔,우승현,영업중,기간만료,-,지하3층~지상9층,1193.9,6900.23,72,경기도 수원시 팔달구 효원로235번길 35 (인계동),일반음식점,경기도 수원시 팔달구 효원로235번길 35 (인계동),경기도 수원시 팔달구 인계동 1026-4,37.2646288,127.0279017,경기도,수원시 팔달구,인계동,1026-4,1026,4,4111514100,4111514100-0-10260004,,,,,,,
69,1472,경기도,수원시,관광호텔,홀리데이인익스프레스 수원인계,윤용춘,영업중,3성급,2018.5.30.,지하4층~지상14층,10708.74,249,242,경기도 수원시 팔달구 인계로 116 (인계동),"일반음식점, 휘트니스실, 코인세탁실, 회의실",경기도 수원시 팔달구 인계로 116 (인계동),경기도 수원시 팔달구 인계동 1035-3,37.2673899,127.0301261,경기도,수원시 팔달구,인계동,1035-3,1035,3,4111514100,4111514100-0-10350003,,,,,,,
70,1473,경기도,수원시,관광호텔,호텔 아르떼,문주옥,영업중,3성급,2018.11.22.,지하2층~지상9층,556,2978,54,경기도 수원시 팔달구 인계로108번길 37 (인계동),"휘트니스, 회의실",경기도 수원시 팔달구 인계로108번길 37 (인계동),경기도 수원시 팔달구 인계동 1033-18,37.2661363,127.029041,경기도,수원시 팔달구,인계동,1033-18,1033,18,4111514100,4111514100-0-10330018,,,,,,,
71,1474,경기도,수원시,관광호텔,호텔리츠,나세운,영업중,3성급,2018.11.27.,지하3층~지상7층,757,4999,45,경기도 수원시 팔달구 권광로134번길 46 (인계동),"휘트니스, 비즈니스룸, 커피숍, 일반음식점",경기도 수원시 팔달구 권광로134번길 46 (인계동),경기도 수원시 팔달구 인계동 1133-7,37.2587452,127.0336373,경기도,수원시 팔달구,인계동,1133-7,1133,7,4111514100,4111514100-0-11330007,,,,,,,
72,1475,경기도,수원시,관광호텔,해시 호텔,최수원,영업중,1성급,2019.2.25.,지하1층~지상14층,252,1982,45,경기도 수원시 팔달구 갓매산로 72-1 (고등동),"비즈니스실, 음식제공시설",경기도 수원시 팔달구 갓매산로 72-1 (고등동),경기도 수원시 팔달구 고등동 300-12,37.2700761,127.0030164,경기도,수원시 팔달구,고등동,300-12,300,12,4111513700,4111513700-0-03000012,,,,,,,
73,1476,경기도,수원시,관광호텔,코트야드 메리어트 수원,김영철,영업중,4성급,2020.11.27.,지하5층~지상21층,2478,24024,288,경기도 수원시 영통구 광교호수공원로 320 (하동),"뷔페, 체련장, 코인세탁실, BAR, EXL라운지 등",경기도 수원시 영통구 광교호수공원로 320 (하동),경기도 수원시 영통구 하동 1017-3,37.2847383,127.0574831,경기도,수원시 영통구,하동,1017-3,1017,3,4111710400,4111710400-0-10170003,,,,,,,
74,1477,경기도,수원시,가족호텔,아이비스테이,오진실,영업중,-,-,지하1층~지상9층,431,1886.83,67,경기도 수원시 팔달구 갓매산로76번길 9 (고등동),"카페테리아, 커뮤니티룸, 편의점",경기도 수원시 팔달구 갓매산로76번길 9 (고등동),경기도 수원시 팔달구 고등동 303-3,37.2704433,127.0023488,경기도,수원시 팔달구,고등동,303-3,303,3,4111513700,4111513700-0-03030003,,,,,,,
75,1478,경기도,수원시,가족호텔,마루호텔,이진숙,영업중,-,-,지상10층,150,999.97,32,경기도 수원시 팔달구 고화로9번길 33 (매산로2가),카페,경기도 수원시 팔달구 고화로9번길 33 (매산로2가),경기도 수원시 팔달구 매산로2가 7-3,37.2696266,127.0062829,경기도,수원시 팔달구,매산로2가,7-3,7,3,4111513500,4111513500-0-00070003,,,,,,,
76,1479,경기도,수원시,가족호텔,유성호텔,김성구 외 2 명,영업중,-,-,지상15층,316,2526.8,90,경기도 수원시 팔달구 갓매산로25번길 3 (매산로2가),휴게실,경기도 수원시 팔달구 갓매산로25번길 3 (매산로2가),경기도 수원시 팔달구 매산로2가 68-5,37.2667679,127.0058899,경기도,수원시 팔달구,매산로2가,68-5,68,5,4111513500,4111513500-0-00680005,,,,,,,
77,1480,경기도,수원시,가족호텔,상하이호텔,김유화 외 1 명,영업중,-,-,지하1층~지상10층,558,3348.7,71,경기도 수원시 팔달구 향교로3번길 52 (매산로1가),"식당, 회의실",경기도 수원시 팔달구 향교로3번길 52 (매산로1가),경기도 수원시 팔달구 매산로1가 21-3,37.2692002,127.0023473,경기도,수원시 팔달구,매산로1가,21-3,21,3,4111513400,4111513400-0-00210003,,,,,,,
78,1481,경기도,수원시,가족호텔,마루Ⅱ,김철봉,영업중,-,-,지상10층,165,998,30,경기도 수원시 팔달구 고화로9번길 34 (매산로2가),"식당, 회의실",경기도 수원시 팔달구 고화로9번길 34 (매산로2가),경기도 수원시 팔달구 매산로2가 10-6,37.2697869,127.0061919,경기도,수원시 팔달구,매산로2가,10-6,10,6,4111513500,4111513500-0-00100006,,,,,,,
79,1482,경기도,수원시,가족호텔,호텔 잇츠더블유,조정호,영업중,-,-,지상15층,199,1550,47,경기도 수원시 팔달구 고화로13번길 23 (매산로2가),"카페테리아, 비즈니스실",경기도 수원시 팔달구 고화로13번길 23 (매산로2가),경기도 수원시 팔달구 매산로2가 9-6 HOTEL It's W,37.2701292,127.0066065,경기도,수원시 팔달구,매산로2가,9-6,9,6,4111513500,4111513500-0-00090006,,,,,,,
80,1483,경기도,수원시,가족호텔,팰리스호텔,이성수,영업중,-,-,지상14층,205,1611,55,경기도 수원시 팔달구 갓매산로 72 (고등동),"음식점, 단란주점",경기도 수원시 팔달구 갓매산로 72 (고등동),경기도 수원시 팔달구 고등동 300-13,37.2700474,127.0031404,경기도,수원시 팔달구,고등동,75-14,75,14,4111513700,4111513700-0-00750014,,,,,,,
81,1484,경기도,수원시,가족호텔,제니스,이인수,영업중,-,-,지상10층,133,997,32,경기도 수원시 팔달구 매산로28번길 23 (매산로2가),휴게실,경기도 수원시 팔달구 매산로28번길 23 (매산로2가),경기도 수원시 팔달구 매산로2가 75-14,37.2667531,127.0050427,경기도,수원시 팔달구,매산로2가,75-14,75,14,4111513500,4111513500-0-00750014,,,,,,,
82,1485,경기도,수원시,호스텔,수원호스텔,수원시장,영업중,-,-,지하1층~지상6층,498,1872.85,31,경기도 수원시 팔달구 행궁로 11 (남창동),"일반음식점, 회의실, 공동샤워실 등",경기도 수원시 팔달구 행궁로 11 (남창동),경기도 수원시 팔달구 남창동 14,37.281025,127.015267,경기도,수원시 팔달구,남창동,68-1,68,1,4111512300,4111512300-0-00680001,,,,,,,
83,1486,경기도,수원시,호스텔,HOTEL EAST,차승도,영업중,-,-,지상8층,131.9,649.75,21,경기도 수원시 팔달구 고화로9번길 25 (매산로2가),"공동취사장, 비즈니스센터, 세탁실",경기도 수원시 팔달구 고화로9번길 25 (매산로2가),경기도 수원시 팔달구 매산로2가 7-7,37.2698165,127.0067273,경기도,수원시 팔달구,매산로2가,7-7,7,7,4111513500,4111513500-0-00070007,,,,,,,
84,1487,경기도,수원시,호스텔,비즈호텔,김시영 외 1 명,영업중,-,-,지상15층,401,3211.44,100,경기도 수원시 팔달구 고매로 5 (고등동),"일반음식점, 비즈니스카페",경기도 수원시 팔달구 고매로 5 (고등동),경기도 수원시 팔달구 고등동 115-4,37.2702313,127.0043611,경기도,수원시 팔달구,고등동,115-4,115,4,4111513700,4111513700-0-01150004,,,,,,,
85,1488,경기도,수원시,호스텔,옥상파티,양윤정,영업중,-,-,지상4층,566,1599.41,2,"경기도 수원시 장안구 팔달로271번길 8, 장안장여관 4층 (영화동)",미디어실(정보교류실),"경기도 수원시 장안구 팔달로271번길 8, 장안장여관 4층 (영화동)",경기도 수원시 장안구 영화동 281-6,37.2899593,127.0144355,경기도,수원시 장안구,영화동,281-6,281,6,4111113400,4111113400-0-02810006,,,,,,,
86,1489,경기도,수원시,호스텔,유성호텔2,김성구 외 1 명,영업중,-,-,지상10층,191,1122,38,경기도 수원시 팔달구 갓매산로 25 (매산로2가),정보교류실,경기도 수원시 팔달구 갓매산로 25 (매산로2가),경기도 수원시 팔달구 매산로2가 68-1 USUNG HOTEL,37.2668094,127.0060192,경기도,수원시 팔달구,매산로2가,68-1,68,1,4111513500,4111513500-0-00680001,,,,,,,
87,1490,경기도,수원시,호스텔,힐탑호텔,이성수,영업중,-,-,지상9층,125,897,32,경기도 수원시 팔달구 고화로9번길 16 (매산로2가),휴게실,경기도 수원시 팔달구 고화로9번길 16 (매산로2가),경기도 수원시 팔달구 매산로2가 3-8,37.2701606,127.0071185,경기도,수원시 팔달구,매산로2가,3-8,3,8,4111513500,4111513500-0-00030008,,,,,,,
88,1491,경기도,수원시,소형호텔,호텔가덴 비즈,정민선,영업중,2성급,2020.4.13.,지하1층~지상6층,336.4,1046.57,18,경기도 수원시 권선구 경수대로335번길 10 (권선동),"레스토랑, 휘트니스",경기도 수원시 권선구 경수대로335번길 10 (권선동),경기도 수원시 권선구 권선동 991-9,37.2569279,127.0215046,경기도,수원시 권선구,권선동,991-9,991,9,4111313700,4111313700-0-09910009,,,,,,,
89,1492,경기도,수원시,소형호텔,호텔 가덴,장호식,영업중,2성급,2020.3.28.,지하층~지상층,671.7,2475.6,45,경기도 수원시 권선구 경수대로335번길 12 (권선동),"레스토랑, 회의장",경기도 수원시 권선구 경수대로335번길 12 (권선동),경기도 수원시 권선구 권선동 991-7,37.2570701,127.0213523,경기도,수원시 권선구,권선동,991-7,991,7,4111313700,4111313700-0-09910007,,,,,,,
90,1493,경기도,시흥시,관광호텔,벨라지오호텔,허창덕,영업중,등급보류,2019.9.20.,지하2층~지상13층,1275.4,4901.93,54,경기도 시흥시 연성로13번길 4 (하중동),"휴게음식점, 일반음식점",경기도 시흥시 연성로13번길 4 (하중동),경기도 시흥시 하중동 874-1,37.3905106,126.80542,경기도,시흥시,하중동,874-1,874,1,4139011900,4139011900-0-08740001,,,,,,,
91,1494,경기도,시흥시,관광호텔,(주)시흥관광호텔,㈜시흥관광호텔,영업중,3성급,2019.3.5.,지하3층~지상9층,3965,18821.43,284,경기도 시흥시 평안상가4길 21 (정왕동),"일반음식점, 운동시설, 판매시설 등",경기도 시흥시 평안상가4길 21 (정왕동),경기도 시흥시 정왕동 1622-6 시흥관광호텔,37.3377894,126.7498048,경기도,시흥시,정왕동,1622-6,1622,6,4139013200,4139013200-0-16220006,,,,,,,
92,1495,경기도,시흥시,소형호텔,오이도호텔,안종균,영업중,2성급,2019.12.23.,지하1층~지상6층,749.7,1746.79,27,경기도 시흥시 오이도로 123-1 (정왕동),"휴게음식점, 일반음식점",경기도 시흥시 오이도로 123-1 (정왕동),경기도 시흥시 정왕동 1972-7,37.3480078,126.6905228,경기도,시흥시,정왕동,1972-7,1972,7,4139013200,4139013200-0-19720007,,,,,,,
93,1496,경기도,시흥시,소형호텔,WEST RAVEN 호텔,김대명 외 1 명,영업중,2성급,2020.3.11.,지하1층~지상5층,485.7,1162.37,21,경기도 시흥시 옥터로 3 (정왕동),"일반음식점, 연회실",경기도 시흥시 옥터로 3 (정왕동),경기도 시흥시 정왕동 1985-3,37.3475614,126.6929125,경기도,시흥시,정왕동,1985-3,1985,3,4139013200,4139013200-0-19850003,,,,,,,
94,1497,경기도,시흥시,소형호텔,빨간등대 관광호텔,㈜선진글로벌,영업중,1성급,2019.3.18,지하1층~지상7층,689.5,1815.74,29,경기도 시흥시 오이도로135번길 10 (정왕동),"일반음식점, 휴게음식점, 세미나실",경기도 시흥시 오이도로135번길 10 (정왕동),경기도 시흥시 정왕동 1973-7 빨간등대관광호텔,37.3474848,126.6889221,경기도,시흥시,정왕동,1973-7,1973,7,4139013200,4139013200-0-19730007,,,,,,,
95,1498,경기도,시흥시,관광호텔,서울 투어리스트 호텔,이상천 외 2 명,영업중,2성급,2020.7.2.,지하1층~지상12층,1006,3171.93,59,경기도 시흥시 군자천로 315 (정왕동),"일반음식점, 휴게음식점, 비즈니스센터",경기도 시흥시 군자천로 315 (정왕동),경기도 시흥시 정왕동 1732-3,37.3452391,126.7332957,경기도,시흥시,정왕동,1732-3,1732,3,4139013200,4139013200-0-17320003,,,,,,,
96,1499,경기도,시흥시,소형호텔,씨하이호텔,이정선,영업중,1성급,2019.5.24.,지상7층,697.4,1553,29,"경기도 시흥시 오이도로135번길 72, 씨하이호텔 (정왕동)","일반음식점, 연회장","경기도 시흥시 오이도로135번길 72, 씨하이호텔 (정왕동)",경기도 시흥시 정왕동 2031-5 씨하이호텔,37.3421881,126.6868542,경기도,시흥시,정왕동,2031-5,2031,5,4139013200,4139013200-0-20310005,,,,,,,
97,1500,경기도,안산시,관광호텔,(주) 대영인터내셔널 서원관광호텔,김충영,영업중,평가중,-,지하3~지상6층,-,4083.63,47,경기도 안산시 상록구 서암로 8 (사동),-,경기도 안산시 상록구 서암로 8 (사동),경기도 안산시 상록구 사동 1198 서원관광호텔,37.3021486,126.8500288,경기도,안산시 상록구,사동,1198,1198,0,4127110300,4127110300-0-11980000,,,,,,,
98,1501,경기도,안산시,관광호텔,아우라관광호텔,"김유환, 김정자, 김동준, 이고은",영업중,2성급,2019-02-01 00:00:00,지하2~지상8층,-,5940,70,경기도 안산시 상록구 양지편로 10 (이동),-,경기도 안산시 상록구 양지편로 10 (이동),경기도 안산시 상록구 이동 713-7,37.3079022,126.8488835,경기도,안산시 상록구,이동,713-7,713,7,4127110200,4127110200-0-07130007,,,,,,,
99,1502,경기도,안산시,관광호텔,IMT관광호텔,유경희,영업중,2성급,2019-08-02 00:00:00,지하5~지상2층,-,2902.03,39,경기도 안산시 상록구 성호로1길 12-4 (일동),-,경기도 안산시 상록구 성호로1길 12-4 (일동),경기도 안산시 상록구 일동 632-10 IMT관광호텔,37.3096774,126.8687737,경기도,안산시 상록구,일동,632-10,632,10,4127110100,4127110100-0-06320010,,,,,,,
100,1503,경기도,안산시,관광호텔,대부도호텔 마리나,"김경우, 문화자",영업중,기간만료,-,지하1~지상5층,-,2586.39,37,경기도 안산시 단원구 사근여길 5 (대부북동),-,경기도 안산시 단원구 사근여길 5 (대부북동),경기도 안산시 단원구 대부북동 1845-3 대부도관광호텔,37.2855196,126.5730237,경기도,안산시 단원구,대부북동,1845-3,1845,3,4127311100,4127311100-0-18450003,,,,,,,
101,1504,경기도,안산시,관광호텔,C&B HOTEL,장만순,영업중,2성급,2018-12-26 00:00:00,지하1~지상6층,-,4497.23,67,"경기도 안산시 상록구 상록수로 20 (본오동, 한울빌딩)",-,"경기도 안산시 상록구 상록수로 20 (본오동, 한울빌딩)",경기도 안산시 상록구 본오동 877-6 한울빌딩,37.30235,126.8620206,경기도,안산시 상록구,본오동,877-6,877,6,4127110400,4127110400-0-08770006,,,,,,,
102,1505,경기도,안산시,관광호텔,HOTEL SQUARE by savills,세빌스코리아 주식회사,영업중,3성급,2018-07-27 00:00:00,지하1~지상15층,-,17072.15,197,경기도 안산시 단원구 동산로 81 (원시동),-,경기도 안산시 단원구 동산로 81 (원시동),경기도 안산시 단원구 원시동 774-3,37.3144918,126.7989583,경기도,안산시 단원구,원시동,774-3,774,3,4127310500,4127310500-0-07740003,,,,,,,
103,1506,경기도,안산시,관광호텔,호텔클로버,최영환,영업중,2성급,2020-02-09 00:00:00,지하2~지상9층,-,974.6,88,경기도 안산시 상록구 양지편로 22 (이동),-,경기도 안산시 상록구 양지편로 22 (이동),경기도 안산시 상록구 이동 715-6,37.3086028,126.8500482,경기도,안산시 상록구,이동,715-6,715,6,4127110200,4127110200-0-07150006,,,,,,,
104,1507,경기도,안산시,관광호텔,엠에스산업(주) 엠블던호텔,엠에스산업 주식회사,영업중,기간만료,-,지하4~지상19층,-,2201.8,400,경기도 안산시 단원구 중앙대로 869 (고잔동),-,경기도 안산시 단원구 중앙대로 869 (고잔동),경기도 안산시 단원구 고잔동 531-3 EMBLEDON HOTEL,37.3173105,126.8327571,경기도,안산시 단원구,고잔동,531-3,531,3,4127310100,4127310100-0-05310003,,,,,,,
105,1508,경기도,안산시,관광호텔,로자벨호텔,백희완,영업중,2성급,2018-08-21 00:00:00,지하2~지상10층,-,3776.26,47,경기도 안산시 단원구 원곡공원로 1 (원곡동),-,경기도 안산시 단원구 원곡공원로 1 (원곡동),경기도 안산시 단원구 원곡동 960-4,37.3337356,126.7916692,경기도,안산시 단원구,원곡동,960-4,960,4,4127310800,4127310800-0-09600004,,,,,,,
106,1509,경기도,안성시,관광호텔,프라하관광호텔,문성호,영업중,1성급,2017-05-02 00:00:00,7층(지하2~지상5),2452,2893.27,33,경기도 안성시 원곡면 만세로 1137,"일반음식점, 단란주점, 안마시술소",경기도 안성시 원곡면 만세로 1137,경기도 안성시 원곡면 칠곡리 389-25,37.0448796,127.1545553,경기도,안성시,원곡면 칠곡리,389-25,389,25,4155038022,4155038022-0-03890025,,,,,,,
107,1510,경기도,안성시,소형호텔,호텔 마에스트로,천원종합개발㈜,영업중,3성급,2020-12-05 00:00:00,4층(지하1~지상3),10755,6633.11,25,"경기도 안성시 양성면 노곡리842번지, 안성시 고삼면 가유리986,987번지","레스토랑, 스크린골프장, 노래방, 오락실,  편의점, 사우나 등","경기도 안성시 양성면 노곡리842번지, 안성시 고삼면 가유리986,987번지",경기도 안성시 양성면 노곡리 842,37.1051911,127.2590786,경기도,안성시,양성면 노곡리,842,842,0,4155036031,4155036031-0-08420000,,,,,,,
108,1511,경기도,안성시,관광호텔,호텔 에이치,주식회사 드림터치네트웍스,영업중,평가중,-,8층(지하1~지상7),791,2134.14,40,경기도 안성시 죽산면 죽주로 268,-,경기도 안성시 죽산면 죽주로 268,경기도 안성시 죽산면 죽산리 497-1,37.0754865,127.4247347,경기도,안성시,죽산면 죽산리,497-1,497,1,4155040021,4155040021-0-04970001,,,,,,,
109,1512,경기도,안성시,콘도미니엄,㈜레이크힐스리조트,㈜레이크힐스,미영업중,-,-,11층(지하2~지상9),10886,12995,88,경기도 안성시 양성면 양성로 349-61,"레스토랑, 세미나실, 사우나, 골프연습장",경기도 안성시 양성면 양성로 349-61,경기도 안성시 양성면 산정리 163-22,37.0852003,127.2006558,경기도,안성시,양성면 산정리,163-22,163,22,4155036027,4155036027-0-01630022,,,,,,,
110,1513,경기도,안양시,관광호텔,코암관광호텔,김용호,영업중,2성급,17.2.22,지하1층~지상5층,941.3,2091,37,경기도 안양시 만안구 만안로 101,음식점,경기도 안양시 만안구 만안로 101,경기도 안양시 만안구 안양동 431-10,37.391828,126.9314106,경기도,안양시 만안구,안양동,431-10,431,10,4117110100,4117110100-0-04310010,,,,,,,
111,1514,경기도,안양시,관광호텔,센트럴 관광호텔,주식회사인덕물산,영업중,1성급,19.5.13,지하2층~지상10층,396.5,3345,52,경기도 안양시 동안구 흥안대로 513,"식당,비즈니스룸,컨퍼런스룸",경기도 안양시 동안구 흥안대로 513,경기도 안양시 동안구 관양동 1503-1 센트럴관광호텔,37.3997646,126.9763314,경기도,안양시 동안구,관양동,1503-1,1503,1,4117310200,4117310200-0-15030001,,,,,,,
112,1515,경기도,안양시,관광호텔,삼원프라자호텔,삼원프라자호텔,영업중,2성급,18.12.31,지하2층~지상9층,1652,7621,85,경기도 안양시 만안구 장내로139번길 7,"식당, 회의실",경기도 안양시 만안구 장내로139번길 7,경기도 안양시 만안구 안양동 674-251 삼원프라자호텔,37.3981476,126.9226399,경기도,안양시 만안구,안양동,674-251,674,251,4117110100,4117110100-0-06740251,,,,,,,
113,1516,경기도,안양시,관광호텔,어반뷰티크 호텔,"함영배,류동원",영업중,3성급,17.7.27,지하2층~지상14층,503.2,4587,80,경기도 안양시 흥안대로 497,"식당,카페",경기도 안양시 흥안대로 497,경기도 안양시 동안구 관양동 1504-6 어반부띠크 관광호텔,37.3984565,126.9764268,경기도,안양시 동안구,관양동,1504-6,1504,6,4117310200,4117310200-0-15040006,,,,,,,
114,1517,경기도,안양시,관광호텔,CS프리미어호텔,CS프리미어관광호텔,영업중,3성급,19.2.19,지하1층~지상5층,644.8,6463,154,경기도 안양시 만안구 경수대로 1180,"식당,세미나실,비즈니스룸,회의실",경기도 안양시 만안구 경수대로 1180,경기도 안양시 만안구 안양동 16-10,37.4159964,126.9169805,경기도,안양시 만안구,안양동,16-10,16,10,4117110100,4117110100-0-00160010,,,,,,,
115,1518,경기도,안양시,관광호텔,이루다관광호텔,주식회사이루다,영업중,3성급,18.2.14,지하1층~지상5층,936.7,7180,95,경기도 안양시 만안구 만안로 71,"식당,연회장,비즈니스룸",경기도 안양시 만안구 만안로 71,경기도 안양시 만안구 안양동 512-10,37.3895245,126.9329305,경기도,안양시 만안구,안양동,512-10,512,10,4117110100,4117110100-0-05120010,,,,,,,
116,1519,경기도,안양시,호스텔,알파존,안신영,영업중,-,-,지하1층~지상5층,493.9,4198,120,경기도 안양시 동안구 흥안대로 84-2,"식당,소회의실,비지니스룸",경기도 안양시 동안구 흥안대로 84-2,경기도 안양시 동안구 호계동 966-20 알파존,37.3689543,126.9542361,경기도,안양시 동안구,호계동,966-20,966,20,4117310400,4117310400-0-09660020,,,,,,,
117,1520,경기도,양주시,관광호텔,에버그린관광호텔,김학필,영업중,1성급,2019.7.12,지하2층~지상6층,2331,3725.94,44,경기도 양주시 장흥면 권율로 190-45,-,경기도 양주시 장흥면 권율로 190-45,경기도 양주시 장흥면 석현리 386-9,37.7304387,126.9507153,경기도,양주시,장흥면 석현리,386-9,386,9,4163034024,4163034024-0-03860009,,,,,,,
118,1521,경기도,양평군,콘도미니엄,한화호텔앤드리조트(주)양평,한화호텔앤드리조트 주식회사,영업중,미해당,-,지상9층,7055.4,37118.75,401,경기도 양평군 옥천면 신촌길 188,"바비큐장, 뷔페, 눈썰매장, 야외수영장, 세미나실",경기도 양평군 옥천면 신촌길 188,경기도 양평군 옥천면 신복리 141-5 한화콘도미니엄,37.5670083,127.4570625,경기도,양평군,옥천면 신복리,141-5,141,5,4183034023,4183034023-0-01410005,,,,,,,
119,1522,경기도,양평군,콘도미니엄,소노문 양평,(주)소노호텔앤리조트,영업중,미해당,-,지하1층~지상8층,19878.62,17346.95,202,경기도 양평군 개군면 신내길7번길 55,"강의장, 레스토랑, 볼링장, 헬스클럽, 오락실, 사우나 ,실내수영장, 노래방, 레저테마파크, 탁구장",경기도 양평군 개군면 신내길7번길 55,경기도 양평군 개군면 공세리 389-7 대명양평콘도미니엄,37.4692252,127.5325829,경기도,양평군,개군면 공세리,389-7,389,7,4183041025,4183041025-0-03890007,,,,,,,
120,1523,경기도,양평군,관광호텔,현대 블룸비스타,현대종합연수원(주),영업중,4성급,2018-12-04 00:00:00,지하2층~지상15층,33525,51475.42,143,경기도 양평군 강하면 강남로 316,"연수시설, 스카이라운지, 카페,피트니스클럽, 농구장, 축구장, 수변공원, 퍼팅장, 야외강의장, 레스토랑",경기도 양평군 강하면 강남로 316,경기도 양평군 강하면 전수리 1235,37.500309,127.4217789,경기도,양평군,강하면 전수리,1235,1235,0,4183032026,4183032026-0-12350000,,,,,,,
121,1524,경기도,양평군,관광호텔,쉐르빌온천관광호텔,쉐르빌온천호텔,영업중,3성급,2018-11-07 00:00:00,지하1층~지상4층,6248.42,4414.5,42,경기도 양평군 개군면 신내길7번길 37,"연회장, 레스토랑, 연수원, 웨딩홀, 온천",경기도 양평군 개군면 신내길7번길 37,경기도 양평군 개군면 공세리 389-2 쉐르빌호텔,37.4682941,127.5309286,경기도,양평군,개군면 공세리,389-2,389,2,4183041025,4183041025-0-03890002,,,,,,,
122,1525,경기도,양평군,관광호텔,양평리조트,주식회사 휴먼터치,휴업중,등급없음,-,지하1층~지상5층,11118,2061.8,36,경기도 양평군 양평읍 경강로 1620,-,경기도 양평군 양평읍 경강로 1620,경기도 양평군 양평읍 오빈리 400-1 양평리조트호텔,37.5043877,127.4620189,경기도,양평군,양평읍 오빈리,400-1,400,1,4183025022,4183025022-0-04000001,,,,,,,
123,1526,경기도,여주시,콘도미니엄,일성레저산업㈜남한강콘도&리조트,일성레저산업 주식회사,영업중,-,-,지하4층~지상13층 ,3401,22379.64,167,"경기도 여주시 신륵로 5(천송동, 일성남한강콘도미니엄) ","천연옥사우나,한식당,스카이라운지,편의점등","경기도 여주시 신륵로 5 (천송동, 일성남한강콘도미니엄)",경기도 여주시 천송동 563-6 일성남한강콘도미니엄,37.3012882,127.6507513,경기도,여주시,천송동,563-6,563,6,4167012000,4167012000-0-05630006,,,,,,,
124,1527,경기도,여주시,관광호텔,주식회사 썬밸리,썬밸리호텔 주식회사,영업중,4성급,2020.12.28,지하2층~지상12층 ,21391,33741.04,202,경기도 여주시 연양동 414,"양식당(1), 일반음식점(3), 편의점(1), 렌탈샵(1), 워터파크(1), 휘트니클럽(1), 사우나(1), 골프연습장(1), 렌탈샵(1), 미용실(1)",경기도 여주시 강변유원지길 45,경기도 여주시 연양동 414 썬밸리호텔,37.2931499,127.6611943,경기도,여주시,연양동,414,414,0,4167011800,4167011800-0-04140000,,,,,,,
125,1528,경기도,여주시,콘도미니엄,해슬리 햄릿 콘도미니엄,씨제이대한통운 주식회사,영업중,-,-,지하2층~지상3층 ,-,16162.4,48,경기도 여주시 연락동 1-13,"골프장, 교육시설, 휘트니클럽,대형연회장,카페 등",경기도 여주시 명품1로 76,경기도 여주시 연라동 1-13,37.2580155,127.6165578,경기도,여주시,연라동,1-13,1,13,4167011100,4167011100-0-00010013,,,,,,,
126,1529,경기도,연천군,콘도미니엄,백학리조트,㈜유승산업개발,영업중,-,-,지하1층~지상7층,82060.1,26031,145,경기도 연천군 백학면 노아로491번길 283,"정원, 야외예식장, 편의시설, 휴게소 등",경기도 연천군 백학면 노아로491번길 283,경기도 연천군 백학면 구미리 321,38.0099462,126.9515096,경기도,연천군,백학면 구미리,321,321,0,4180033027,4180033027-0-03210000,,,,,,,
127,1530,경기도,오산시,관광호텔,호텔 디,박경근 외 1명,영업중,1성급,2020.6.2.,지하2층~지상10층,568.5,3537,59,경기도 오산시 원동로 5,로비(자판기 등),경기도 오산시 원동로 5,경기도 오산시 원동 780-4,37.1426147,127.06913,경기도,오산시,원동,780-4,780,4,4137010300,4137010300-0-07800004,,,,,,,
128,1531,경기도,용인시,콘도미니엄,"한화리조트
용인베잔송",문석,영업중,-,-,지하1/지상6,25202,24187,261,"처인구 남사면 봉무로153번길 79
(처인구 남사면 봉무리 257-1)","레스토랑, 편의점, 사우나","경기도 용인시 처인구 남사면 봉무로153번길 79
 (처인구 남사면 봉무리 257-1)",경기도 용인시 처인구 남사읍 통삼리 1-1 한화리조트,37.1336284,127.1469823,경기도,용인시 처인구,남사읍 통삼리,1-1,1,1,4146125923,4146125923-0-00010001,,,,,,,
129,1532,경기도,용인시,콘도미니엄,"골드훼미리
콘도미니엄","기흥관광개발
이응로",영업중,-,-,지상3(11동),10570,10570.22,100,"기흥구 기흥단지로 406
(기흥구 고매동 5-73)","식당, 식료품점","경기도 용인시 기흥구 기흥단지로 406
 (기흥구 고매동 5-73)",경기도 용인시 기흥구 고매동 5-73 골드훼미리콘도,37.2210183,127.1387381,경기도,용인시 기흥구,고매동,5-73,5,73,4146310800,4146310800-0-00050073,,,,,,,
130,1533,경기도,용인시,콘도미니엄,양지파인리조트,임태주,영업중,-,-,지하3/지상11,50396,50396.43,302,"처인구 양지면 남평로 112
(처인구 양지면 남곡리 34-1)","일반음식점, 카페, 사우나, 레스토랑, 골프용품 판매, 연회실, 체력단련실, 식료품점","경기도 용인시 처인구 양지면 남평로 112
 (처인구 양지면 남곡리 34-1)",경기도 용인시 처인구 양지면 남곡리 34-1 양지파인리조트,37.2118458,127.2968425,경기도,용인시 처인구,양지면 남곡리,34-1,34,1,4146136022,4146136022-0-00340001,,,,,,,
131,1534,경기도,용인시,콘도미니엄,"코리아골프빌리지
대우그린카운티","기흥관광개발
이응로",영업중,-,-,지하1/지상5(23동),13543,13543.147,112,"기흥구 기흥단지로 415
(기흥구 고매동 30-2, 33-4)","전시실, 매점","경기도 용인시 기흥구 기흥단지로 415
 (기흥구 고매동 30-2, 33-4)",경기도 용인시 기흥구 고매동 30-2 코리아골프빌리지대우그린카운티힐탑하우스,37.2205219,127.1367671,경기도,용인시 기흥구,고매동,30-2,30,2,4146310800,4146310800-0-00300002,,,,,,,
132,1535,경기도,용인시,콘도미니엄,"코리아골프빌리지
기흥아펠바움","기흥관광개발
이응로",영업중,-,-,지하1/지상3(17동),15668,15667.909,77,"기흥구 기흥단지로 396
(기흥구 고매동 5-49)","매점, 체력단련장
[A단지, 201동 지상1층(매점)/지상2층(체육시설)]","경기도 용인시 기흥구 기흥단지로 396
 (기흥구 고매동 5-49)",경기도 용인시 기흥구 고매동 5-49 아펠바움콘도미니엄(B단지),37.2159449,127.1362656,경기도,용인시 기흥구,고매동,5-49,5,49,4146310800,4146310800-0-00050049,,,,,,,
133,1536,경기도,용인시,콘도미니엄,라센트라,성기상,영업중,-,-,지하1/지상4(46동),43759,29893.33,91,"처인구 이동면 기흥단지로 579-1
(처인구 이동면 서리 770 외 48)","회의실, 피트니스, 매점 등","경기도 용인시 처인구 이동면 기흥단지로 579-1
 (처인구 이동면 서리 770 외 48)",경기도 용인시 처인구 이동읍 서리 770,37.2247154,127.1561617,경기도,용인시 처인구,이동읍 서리,770,770,0,4146125629,4146125629-0-07700000,,,,,,,
134,1537,경기도,용인시,관광호텔,윈져캐슬,김경아,휴업중,휴업중,-,지하1/지상5(8동),2125,3188.64,40,"기흥구 신정로 212
(기흥구 신갈동 297-10)","레스토랑, 비즈니스 센터, 회의실, 세탁실","경기도 용인시 기흥구 신정로 212
 (기흥구 신갈동 297-10)",경기도 용인시 기흥구 신갈동 297-10 윈져캐슬호텔,37.2891934,127.0996441,경기도,용인시 기흥구,신갈동,297-10,297,10,4146310100,4146310100-0-02970010,,,,,,,
135,1538,경기도,용인시,관광호텔,얼레이,전승근,영업중,3성급,2020-03-21 00:00:00,지하1/지상8,4606,4998.23,100,"기흥구 신정로 231
(기흥구 신갈동 536-4 외 4필지)","레스토랑, 비즈니스 센터, 컨퍼런스 룸, ","경기도 용인시 기흥구 신정로 231
 (기흥구 신갈동 536-4 외 4필지)",경기도 용인시 기흥구 신갈동 536-4,37.2885058,127.0977271,경기도,용인시 기흥구,신갈동,536-4,536,4,4146310100,4146310100-0-05360004,,,,,,,
136,1539,경기도,용인시,관광호텔,아스트로,"㈜동도이앤디
대표 황형구",영업중,2성급,2019-05-22 00:00:00,지하2층/지상19층,552,5737.17,94,"수지구 포은대로 479 
(수지구 풍덕천동 82-8)","레스토랑, 비즈니스 룸, 체력단련장","경기도 용인시 수지구 포은대로 479 
 (수지구 풍덕천동 82-8)",경기도 용인시 수지구 풍덕천동 82-8,37.3241481,127.1022244,경기도,용인시 수지구,풍덕천동,82-8,82,8,4146510100,4146510100-0-00820008,,,,,,,
137,1540,경기도,용인시,관광호텔,파인 관광호텔,유춘상,영업중,2성급,2020-05-13 00:00:00,지하1층/지상6층,1350,1642.5,35,기흥구 삼성2초 96번길 29-49,"카페, 식당",경기도 용인시 기흥구 삼성2로 96번길 29-49,경기도 용인시 기흥구 농서동 98-5,37.2191684,127.084532,경기도,용인시 기흥구,농서동,98-5,98,5,4146310900,4146310900-0-00980005,,,,,,,
138,1541,경기도,용인시,관광호텔,소설스미스 호텔,조경순 외 1인,영업중,1성급,2020-12-02 00:00:00,지하1층/지상5층,1074,1160.74,35,기흥구 민속촌로 57,식당,경기도 용인시 기흥구 민속촌로 57,경기도 용인시 기흥구 보라동 300-2,37.2557999,127.1110644,경기도,용인시 기흥구,보라동,300-2,300,2,4146310500,4146310500-0-03000002,,,,,,,
139,1542,경기도,용인시,관광호텔,뉴스카이호텔,이명재,영업중,신청중,-,지하1층/지상4층,1960,2009,36,"처인구 백암면 고안로 48 
고안리 490-2",식당,"경기도 용인시 처인구 백암면 고안로 48 
고안리 490-2",경기도 용인시 처인구 백암면 고안리 490-2,37.1327236,127.4029366,경기도,용인시 처인구,백암면 고안리,490,490,0,4146135024,4146135024-0-04900000,,,,,,,
140,1543,경기도,용인시,가족호텔,더숨디앤씨,박용수,영업중,-,-,지하2/지상9,4999,5480.9,83,"처인구 포곡읍 성산로 633
(처인구 포곡읍 전대리 473-13)","레스토랑, 비즈니스 시설, 수영장, 기념품가게, 카페 등.","경기도 용인시 처인구 포곡읍 성산로 633
 (처인구 포곡읍 전대리 473-13)",경기도 용인시 처인구 포곡읍 전대리 473-13,37.2871315,127.2078735,경기도,용인시 처인구,포곡읍 전대리,473,473,0,4146125027,4146125027-0-04730000,,,,,,,
141,1544,경기도,용인시,가족호텔,카라반베이호텔,"㈜함라
박순모",영업중,-,-,지상2층(34개동),9435,1908.75,30,"처인구 포곡읍 전대로 62
(처인구 포곡읍 전대리 192-2번지)","세미나실, 휴게실","경기도 용인시 처인구 포곡읍 전대로 62
 (처인구 포곡읍 전대리 192-2번지)",경기도 용인시 처인구 포곡읍 전대리 192-2,37.284011,127.2191855,경기도,용인시 처인구,포곡읍 전대리,192-2,192,2,4146125027,4146125027-0-01920002,,,,,,,
142,1545,경기도,용인시,호스텔,홈브리지캐빈호스텔,정금용,영업중,-,-,지하1/지상4(12동),26921,9507.66,82,"처인구 포곡읍 에버랜드로 199
(처인구 포곡읍 가실리 167-3번지)","자가취사장, 공동샤워실, 편의점, 대강의장, 분임토의실","경기도 용인시 처인구 포곡읍 에버랜드로 199
 (처인구 포곡읍 가실리 167-3번지)",경기도 용인시 처인구 포곡읍 전대리 310 삼성에버랜드,37.2933272,127.2013221,경기도,용인시 처인구,포곡읍 전대리,310,310,0,4146125027,4146125027-0-03100000,,,,,,,
143,1546,경기도,의정부시,관광호텔,제이비스(JBIS) 호텔,오상훈 외 1 명,영업중,2성급,2019-03-06 00:00:00,지하2층~지상10층,589,3995,58,경기도 의정부시 청사로6번길 19-7 (신곡동),-,경기도 의정부시 청사로6번길 19-7 (신곡동),경기도 의정부시 신곡동 764-6,37.749605,127.0720778,경기도,의정부시,신곡동,764-6,764,6,4115010400,4115010400-0-07640006,,,,,,,
144,1547,경기도,의정부시,관광호텔,의정부 라트리 호텔(Uijeongbu La Tree Hotel),변재욱,영업중,2성급,2019-10-07 00:00:00,지하2층~지상10층,599,4014,58,경기도 의정부시 청사로6번길 19-13 (신곡동),-,경기도 의정부시 청사로6번길 19-13 (신곡동),경기도 의정부시 신곡동 764-7,37.7498101,127.0720032,경기도,의정부시,신곡동,764-7,764,7,4115010400,4115010400-0-07640007,,,,,,,
145,1548,경기도,의정부시,관광호텔,더 클라우드 호텔,박기완,영업중,2성급,2018-05-25 00:00:00,지하2층~지상10층,479,3102,60,"경기도 의정부시 신흥로232번길 16, 더 클라우드 호텔 (의정부동)",-,"경기도 의정부시 신흥로232번길 16, 더 클라우드 호텔 (의정부동)",경기도 의정부시 의정부동 498-10,37.7367265,127.0444358,경기도,의정부시,의정부동,498-10,498,10,4115010100,4115010100-0-04980010,,,,,,,
146,1549,경기도,이천시,관광호텔,호텔 미란다,㈜바이오피드백,영업중,등급보류,2020. 3. 20.,지하1층~지상10층,23960,32547,209,이천시 중리천로115번길 45 (안흥동),-,경기도 이천시 중리천로115번길 45 (안흥동),경기도 이천시 안흥동 408-1 바이오피드백호텔미란다,37.2760875,127.4511098,경기도,이천시,안흥동,408-1,408,1,4150010700,4150010700-0-04080001,,,,,,,
147,1550,경기도,이천시,콘도미니엄,지산메이플콘도미니엄,홍완표,영업중,-,-,지하1층~지상4층,-,-,55,이천시 마장면 지산로 267,-,경기도 이천시 마장면 지산로 267,경기도 이천시 마장면 해월리 산28-7,37.2152894,127.3442085,경기도,이천시,마장면 해월리,28-7,28,7,4150034032,4150034032-0-00280007,,,,,,,
148,1551,경기도,이천시,관광호텔,호텔더클래스,엄희경,영업중,2성급,2019.12.30.,지하1층~지상9층,929.3,4632.58,72,이천시 중리천로 126-19 (중리동),-,경기도 이천시 중리천로 126-19 (중리동),경기도 이천시 중리동 465,37.2758197,127.4477777,경기도,이천시,중리동,465,465,0,4150010300,4150010300-0-04650000,,,,,,,
149,1552,경기도,이천시,가족호텔,에덴낙원,주식회사 에덴낙원,영업중,-,-,지하1층~지상4층,19358,4113.22,73,이천시 마장면 서이천로 449-79,-,경기도 이천시 마장면 서이천로 449-79,경기도 이천시 마장면 목리 417-4,37.2614493,127.3944997,경기도,이천시,마장면 목리,417-4,417,4,4150034026,4150034026-0-04170004,,,,,,,
150,1553,경기도,파주시,호스텔,호텔CC,오종길,영업중,-,-,지하1층~지상3층,1175,1748.95,40,파주시 탄현면 엘씨디로241번길 39-45,"문화정보교류실, 공동취사실, 공동세탁실, 물품보관실",경기도 파주시 탄현면 엘씨디로241번길 39-45,경기도 파주시 탄현면 금승리 11-16,37.8088756,126.7578348,경기도,파주시,탄현면 금승리,11-16,11,16,4148032028,4148032028-0-00110016,,,,,,,
151,1554,경기도,파주시,관광호텔,메이트호텔,"이치헌, 기동인",영업중,2성급,2020.3.2.,지하1층~지상4층,2031,2433.4,47,파주시 탄현면 엘씨디로241번길 39-35,"일반음식점, 회의실, 휘트니스센터",경기도 파주시 탄현면 엘씨디로241번길 39-35,경기도 파주시 탄현면 금승리 11-6,37.8089898,126.7587205,경기도,파주시,탄현면 금승리,11-6,11,6,4148032028,4148032028-0-00110006,,,,,,,
152,1555,경기도,파주시,관광호텔,호텔시에나,"김영일, 이영순",영업중,3성급,2019.11.4.,지하2층~지상9층,850.3,5877.43,100,파주시 소리천로 31(야당동),"일반음식점, 회의실 2",경기도 파주시 소리천로 31 (야당동),경기도 파주시 야당동 1081-2,37.7156188,126.7618804,경기도,파주시,야당동,1081-2,1081,2,4148010800,4148010800-0-10810002,,,,,,,
153,1556,경기도,파주시,관광호텔,골든힐 관광호텔,㈜비젼 송영희,영업중,기간만료,평가중,지하1층~지상9층,1908.8,3085.35,80,파주시 탄현면 성동로 36-30,"비즈니스센터, 레스토랑",경기도 파주시 탄현면 성동로 36-30,경기도 파주시 탄현면 성동리 679-6,37.7767994,126.6878193,경기도,파주시,탄현면 성동리,679-6,679,6,4148032021,4148032021-0-06790006,,,,,,,
154,1557,경기도,파주시,호스텔,헤이리풀빌라 워라밸,이우창,영업중,-,-,지하1층~지상2층,1490,1166.55,9,파주시 탄현면 샘철길 38-12,"문화정보교류실, 공동세탁실",경기도 파주시 탄현면 샘철길 38-12,경기도 파주시 탄현면 성동리 33-24,37.7894434,126.6887231,경기도,파주시,탄현면 성동리,33-24,33,24,4148032021,4148032021-0-00330024,,,,,,,
155,1558,경기도,파주시,호스텔,오블라디 호스텔,전현수,영업중,-,-,지상1층~지상3층,7731,2690.67,21,파주시 문산읍 문현말길 113-2,"세미나실, 공동수영장",경기도 파주시 문산읍 문현말길 113-2,경기도 파주시 문산읍 내포리 391-1,37.8469421,126.7708008,경기도,파주시,문산읍 내포리,391-1,391,1,4148025029,4148025029-0-03910001,,,,,,,
156,1559,경기도,파주시,관광호텔,호텔 뷰티풀,한승용,영업중,등급보류,신청완료,지하2층~지상5층,3920,5064.98,70,파주시 중앙로 94-9(금릉동),"레스토랑, 커피숍, 연회장, 비즈니스룸",경기도 파주시 중앙로 94-9 (금릉동),경기도 파주시 금릉동 25,37.7516697,126.7934673,경기도,파주시,금릉동,25,25,0,4148012300,4148012300-0-00250000,,,,,,,
157,1560,경기도,평택시,관광호텔,가보호텔,주식회사 가보호텔,영업중,1성급,2019-12-30 00:00:00,지하4층~지상9층,1616,9595,125,경기도 평택시 평택5로76번길 18-10 (비전동),"카페, 세미나실",경기도 평택시 평택5로76번길 18-10 (비전동),경기도 평택시 비전동 845-1,36.9930636,127.1128683,경기도,평택시,비전동,845-1,845,1,4122011800,4122011800-0-08450001,,,,,,,
158,1561,경기도,평택시,관광호텔,평택스테이관광호텔,한은정,영업중,2성급,2019-04-09 00:00:00,지하3층~지상7층,783,4606,50,경기도 평택시 평택1로 7 (평택동),"파티룸, 음식점",경기도 평택시 평택1로 7 (평택동),경기도 평택시 평택동 62-10,36.9927988,127.0865019,경기도,평택시,평택동,62-10,62,10,4122011300,4122011300-0-00620010,,,,,,,
159,1562,경기도,평택시,관광호텔,평택로얄관광호텔,(주)우성주택건설,영업중,등급없음,-,지하2층~지상8층,6609,7005,66,경기도 평택시 안중읍 서동대로 1455,"프론트, 커피숍, 식당, 연회장, 웨딩홀",경기도 평택시 안중읍 서동대로 1455,경기도 평택시 안중읍 현화리 658-2,36.991468,126.9127023,경기도,평택시,안중읍 현화리,658-2,658,2,4122025330,4122025330-0-06580002,,,,,,,
160,1563,경기도,평택시,관광호텔,오산관광호텔,김혜정,영업중,등급없음,-,지하1층~지상7층,727,2557.41,55,경기도 평택시 국제로 122-1 (신장동),"프론트, 식당",경기도 평택시 국제로 122-1 (신장동),경기도 평택시 신장동 298-89,37.0790207,127.0499998,경기도,평택시,신장동,298-89,298,89,4122011200,4122011200-0-02980089,,,,,,,
161,1564,경기도,평택시,관광호텔,로얄관광호텔,정병희,영업중,등급없음,-,지하1층~지상5층,607,1226.04,33,경기도 평택시 팽성읍 안정로21번길 31,"프론트, 식당",경기도 평택시 팽성읍 안정로21번길 31,경기도 평택시 팽성읍 안정리 137-1,36.9601961,127.0456547,경기도,평택시,팽성읍 안정리,137-1,137,1,4122025041,4122025041-0-01370001,,,,,,,
162,1565,경기도,평택시,관광호텔,평택호 그랜드 관광호텔,양은학 외 1 명,영업중,기간만료,-,지하2층~지상10층,3003,11797,90,경기도 평택시 현덕면 평택호길 39-15,"프론트, 커피숍, 식당, 연회장, 웨딩홀",경기도 평택시 현덕면 평택호길 39-15,경기도 평택시 현덕면 권관리 536-26,36.9162725,126.911126,경기도,평택시,현덕면 권관리,536-26,536,26,4122037030,4122037030-0-05360026,,,,,,,
163,1566,경기도,평택시,관광호텔,아시아관광호텔,아시아호텔(주),영업중,2성급,2018-12-14 00:00:00,지하1층~지상6층,1863,4841.64,88,경기도 평택시 신장로 33 (신장동),"프론트, 커피숍, 식당, 회의실",경기도 평택시 신장로 33 (신장동),경기도 평택시 신장동 297-61,37.078897,127.0509459,경기도,평택시,신장동,297-61,297,61,4122011200,4122011200-0-02970061,,,,,,,
164,1567,경기도,평택시,관광호텔,월드관광호텔,김광회,영업중,등급없음,-,지하1층~지상8층,845,2912,49,경기도 평택시 국제로 117 (신장동),"프론트, 식당",경기도 평택시 국제로 117 (신장동),경기도 평택시 신장동 690-8,37.0785995,127.0495009,경기도,평택시,신장동,690-8,690,8,4122011200,4122011200-0-06900008,,,,,,,
165,1568,경기도,평택시,관광호텔,캐피탈관광호텔,임춘화,영업중,등급없음,-,지하1층~지상6층,820,2596.06,57,경기도 평택시 국제로 108 (신장동),"프론트, 식당",경기도 평택시 국제로 108 (신장동),경기도 평택시 신장동 691-53,37.0775765,127.0500616,경기도,평택시,신장동,691-53,691,53,4122011200,4122011200-0-06910053,,,,,,,
166,1569,경기도,평택시,관광호텔,메트로폴관광호텔,김노진,영업중,2성급,2019-07-09 00:00:00,지하1층~지상9층,687,3160,50,경기도 평택시 관광특구로 24 (서정동),"유흥주점, 레스토랑, 연회장",경기도 평택시 관광특구로 24 (서정동),경기도 평택시 서정동 846-4,37.0666336,127.0614027,경기도,평택시,서정동,846-4,846,4,4122010100,4122010100-0-08460004,,,,,,,
167,1570,경기도,평택시,관광호텔,탑 관광호텔,유한회사 탑에이씨씨,영업중,1성급,2018-05-23 00:00:00,지하1층~지상15층,563,5056.21,82,경기도 평택시 포승읍 평택항로184번길 3-13,"프론트, 커피숍, 레스토랑",경기도 평택시 포승읍 평택항로184번길 3-13,경기도 평택시 포승읍 만호리 573-10,36.9763451,126.8422607,경기도,평택시,포승읍 만호리,573-10,573,10,4122025624,4122025624-0-05730010,,,,,,,
168,1571,경기도,평택시,관광호텔,센트럴퍼슨호텔,이두행 외 1 명,영업중,2성급,2017-12-22 00:00:00,지하1층~지상10층,484,2674.24,51,경기도 평택시 서정로 261 (서정동),일반음식점,경기도 평택시 서정로 261 (서정동),경기도 평택시 서정동 849-5,37.0658135,127.0623377,경기도,평택시,서정동,849-5,849,5,4122010100,4122010100-0-08490005,,,,,,,
169,1572,경기도,평택시,호스텔,송탄호스텔,신지식,영업중,-,-,지상2층,357,332.21,11,"경기도 평택시 신장로 18, 2층 (신장동)","문화정보교류실, 안내데스크, 휴게실","경기도 평택시 신장로 18, 2층 (신장동)",경기도 평택시 신장동 274-202,37.07939,127.0526216,경기도,평택시,신장동,274-202,274,202,4122011200,4122011200-0-02740202,,,,,,,
170,1573,경기도,평택시,호스텔,서정호스텔,문한진,영업중,-,-,지하1층~지상4층,361.2,926.39,38,경기도 평택시 서정로268번길 6 (서정동),"문화정보교류실, 관리사무소",경기도 평택시 서정로268번길 6 (서정동),경기도 평택시 서정동 850-7,37.0652739,127.0628314,경기도,평택시,서정동,850-7,850,7,4122010100,4122010100-0-08500007,,,,,,,
171,1574,경기도,평택시,호스텔,에이원호스텔,김보성,영업중,-,-,지하1층~지상10층,475.7,1965.1,63,경기도 평택시 통복시장2로 26-1 (통복동),"문화정보교류실, 안내데스크, 휴게실",경기도 평택시 통복시장2로 26-1 (통복동),경기도 평택시 통복동 87-15,36.9959821,127.0856245,경기도,평택시,통복동,87-15,87,15,4122011400,4122011400-0-00870015,,,,,,,
172,1575,경기도,포천시,콘도미니엄,베어스타운,박병순(주식회사 예지실업),영업중,-,-,지하1층~지상14층,26966,19334.96,337,경기도 포천시 내촌면 금강로2536번길 27,"서핑&야외수영장, 골프연습장, 의무실",경기도 포천시 내촌면 금강로2536번길 27,경기도 포천시 내촌면 소학리 274,37.79759,127.249678,경기도,포천시,내촌면 소학리,274,274,0,4165032025,4165032025-0-02740000,,,,,,,
173,1576,경기도,포천시,콘도미니엄,한화리조트,문석(한화호텔앤드리조트 주식회사),영업중,-,-,지하2층~지상5층,11467,25734.9,213,경기도 포천시 영북면 산정호수로 402,편의점,경기도 포천시 영북면 산정호수로 402,경기도 포천시 영북면 산정리 454-4 산정호수한화콘도미니엄,38.0657429,127.3143341,경기도,포천시,영북면 산정리,454-4,454,4,4165039023,4165039023-0-04540004,,,,,,,
174,1577,경기도,포천시,관광호텔,호텔갤러리,전정자,영업중,-,-,지하1층~지상4층,2435,3486.19,45,경기도 포천시 소흘읍 죽엽산로 432-17,"로비, 음식점, 노래방, 사무소",경기도 포천시 소흘읍 죽엽산로 432-17,경기도 포천시 소흘읍 고모리 661-1,37.796219,127.1647094,경기도,포천시,소흘읍 고모리,661-1,661,1,4165025026,4165025026-0-06610001,,,,,,,
175,1578,경기도,하남시,관광호텔,호텔 연,김연희,영업중,등급미정,-,지하2층~지상9층,391.5,2467.27,47,경기도 하남시 하남대로776번길 50(신장동),"레스토랑, 커피숍, 옥상정원",경기도 하남시 하남대로776번길 50 (신장동),경기도 하남시 신장동 519-10,37.5402576,127.2133527,경기도,하남시,신장동,519-10,519,10,4145010600,4145010600-0-05190010,,,,,,,
176,1579,경기도,화성시,관광호텔,그린피아 관광호텔,송관석,영업중,2성급,2018.9.19,지하1층~지상5층,3271,3305.2,52,경기도 화성시 세자로 438 (안녕동),"유흥주점, 식당, 커피숍, 노래연습장",경기도 화성시 세자로 438 (안녕동),경기도 화성시 안녕동 180-371 호텔 그린피아,37.2038049,126.9834602,경기도,화성시,안녕동,180-371,180,371,4159012600,4159012600-0-01800371,,,,,,,
177,1580,경기도,화성시,관광호텔,월드관광호텔,김순섭,영업중,1성급,2019.12.27,지하1층~지상9층,852,4942.39,81,경기도 화성시 향남읍 발안공단로5길 7-23,"커피숍, 식당",경기도 화성시 향남읍 발안공단로5길 7-23,경기도 화성시 향남읍 구문천리 927-10,37.0861416,126.9085993,경기도,화성시,향남읍 구문천리,927-10,927,10,4159025925,4159025925-0-09270010,,,,,,,
178,1581,경기도,화성시,관광호텔,스카이 관광호텔,김진수,영업중,등급보류(평가중),2019.11.6,"지하2층~지상5,6,7층",954.8,6174.32,44,경기도 화성시 남양읍 역골로 3-20,식당,경기도 화성시 남양읍 역골로 3-20,경기도 화성시 남양읍 남양리 2077-15 용진프라자,37.2001919,126.827936,경기도,화성시,남양읍 남양리,2077-15,2077,15,4159026221,4159026221-0-20770015,,,,,,,
179,1582,경기도,화성시,관광호텔,제이스 관광호텔,박용진,영업중,1성급,2018.12.11,지하1층~지상5층,2905,5481.19,76,경기도 화성시 팔탄면 버들로1597번길 28,"연회장, 레스토랑, 매점",경기도 화성시 팔탄면 버들로1597번길 28,경기도 화성시 팔탄면 월문리 235-61 제이스호텔,37.1164174,126.8755462,경기도,화성시,팔탄면 월문리,235-61,235,61,4159036032,4159036032-0-02350061,,,,,,,
180,1583,경기도,화성시,관광호텔,신라스테이 동탄,이부진,영업중,3성급,2020.8.5,지하2층~지상29층,1711.2,24408.07,286,경기도 화성시 노작로 161 (반송동),"연회장, 세탁실, 체력단련장, 라운지bar, 환전소",경기도 화성시 노작로 161 (반송동),경기도 화성시 반송동 92-6,37.2024687,127.0732204,경기도,화성시,반송동,92-6,92,6,4159012700,4159012700-0-00920006,,,,,,,
181,1584,경기도,화성시,관광호텔,롤링힐스 호텔,김민수,영업중,4성급,2019.1.29,지하2층~지상4층,40927,26635.04,228,"경기도 화성시 남양읍 시청로 290, 롤링힐스 호텔","연회장, 식당, 라운지, Bar, 체육시설, 게임장, 스파","경기도 화성시 남양읍 시청로 290, 롤링힐스 호텔",경기도 화성시 남양읍 활초리 4-21 현대자동차(주) 롤링힐스 호텔,37.1901474,126.8388204,경기도,화성시,남양읍 활초리,4-21,4,21,4159026225,4159026225-0-00040021,,,,,,,
182,1585,경기도,화성시,관광호텔,베니키아 더에이치 호텔,강석조 외 1 명,영업중,3성급,2019.12.26,지하2층~지상7층,896,5755.95,90,경기도 화성시 남양읍 역골로 3-12,"레스토랑, 비즈니스센터, 소매점",경기도 화성시 남양읍 역골로 3-12,경기도 화성시 남양읍 남양리 2077-13,37.2003632,126.8282329,경기도,화성시,남양읍 남양리,2077-13,2077,13,4159026221,4159026221-0-20770013,,,,,,,
183,1586,경기도,화성시,관광호텔,호텔 푸르미르,오영규,영업중,3성급,2020.9.3,지하2층~지상4층,25350,23889.75,239,경기도 화성시 효행로 480 (안녕동),"연회장, 세미나실, 레스토랑, 체력단련장, 회의실",경기도 화성시 효행로 480 (안녕동),경기도 화성시 안녕동 188-2,37.2090787,126.9848229,경기도,화성시,안녕동,188-2,188,2,4159012600,4159012600-0-01880002,,,,,,,
184,1587,경기도,화성시,관광호텔,엘가관광호텔,오종섭,영업중,기간만료(평가중),-,지하1층~지상10층,913,4710.82,71,경기도 화성시 향남읍 평6길 46-1,"레스토랑, 회의실 ",경기도 화성시 향남읍 평6길 46-1,경기도 화성시 향남읍 평리 128,37.1300878,126.9082134,경기도,화성시,향남읍 평리,128,128,0,4159025921,4159025921-0-01280000,,,,,,,
185,1588,경기도,화성시,관광호텔,율암힐호텔,김치목,영업중,2성급,2018.5.2,지하2층~지상4층,2558,7273.54,32,경기도 화성시 팔탄면 온천로 434-26,"레스토랑, 스파시설, 매점, 마사지실 등",경기도 화성시 팔탄면 온천로 434-26,경기도 화성시 팔탄면 율암리 845-21,37.1513426,126.8828671,경기도,화성시,팔탄면 율암리,845-21,845,21,4159036026,4159036026-0-08450021,,,,,,,
186,1589,경기도,화성시,호스텔,해돋이호스텔,김장현,영업중,-,-,지상2층,622,346.28,4,경기도 화성시 서신면 해안길 90,문화정보교류시설,경기도 화성시 서신면 해안길 90,경기도 화성시 서신면 제부리 32-15,37.1680395,126.6270839,경기도,화성시,서신면 제부리,32-15,32,15,4159035026,4159035026-0-00320015,,,,,,,
