,idx,addr1,addr2,type,name,biz_name,status,rate,rate_date,floor,area1,area2,rooms,address,amenities,doro,gibun,latitude,longitude,sido,sigungu,bjdong,beonji,beon,ji,bjdong_code,PNU,hotel_en_nm,room_nm,room_price,room_area,standard_date
536,537,부산광역시,연제구,관광호텔,(주)장연 다이아몬드호텔,이맹근,영업중,2성,2018-12-07 0:00,지하3층~지상8층,3851.2,30869.96,78,부산광역시 연제구 월드컵대로164번길 26 (연산동),"연회장, 음식점 등",부산광역시 연제구 월드컵대로164번길 26 (연산동),부산광역시 연제구 연산동 1127-1 장연빌딩,35.1877482,129.0793316,부산광역시,연제구,연산동,1127-1,1127,1,2647010200,2647010200-0-11270001,,,,,
537,538,부산광역시,연제구,관광호텔,시애틀비호텔,옥숙연,영업중,2성,2019-11-26 0:00,지상10,639,3955.82,55,부산광역시 연제구 거제천로154번길 42 (연산동),"조식당, 비지니스룸 ",부산광역시 연제구 거제천로154번길 42 (연산동),부산광역시 연제구 연산동 1255-4 시애틀비 호텔,35.1862861,129.0789134,부산광역시,연제구,연산동,1255-4,1255,4,2647010200,2647010200-0-12550004,SeattleB Hotel,Staycation offer - Standard Double - No parking,"63,240",36m²,2021-12-13
538,539,부산광역시,연제구,관광호텔,아르반시티 호텔,최옥동,영업중,기간만료,,지하2~지상14,565.3,7235.96,137,"부산광역시 연제구 반송로 20 (연산동, 동주빌딩)","헬스장, 조식당, 코인세탁룸","부산광역시 연제구 반송로 20 (연산동, 동주빌딩)",부산광역시 연제구 연산동 603-10 동주빌딩,35.1869587,129.08331,부산광역시,연제구,연산동,603-10,603,10,2647010200,2647010200-0-06030010,,,,,
539,540,부산광역시,연제구,관광호텔,더킹호텔,홍영수,영업중,2성,2018-03-08 0:00,지하1~지상10,959.5,4997.12,68,부산광역시 연제구 과정로 161 (연산동),조식당,부산광역시 연제구 과정로 161 (연산동),부산광역시 연제구 연산동 417-3,35.1859209,129.1068237,부산광역시,연제구,연산동,417-3,417,3,2647010200,2647010200-0-04170003,The King Hotel,Junior Suite,"135,855",80m²,2021-12-13
540,541,부산광역시,수영구,관광호텔,호텔아쿠아펠리스 주식회사,(주)대명화성,영업중,3성,2018-09-12 0:00,지하3~지상19층,2331.7,18393.47,101,부산광역시 수영구 광안해변로 225 (광안동),"일식당,연회장,웨딩홀,워크파크,
스카이라운지,커피숍, 제과점",부산광역시 수영구 광안해변로 225 (광안동),부산광역시 수영구 광안동 192-5 호텔아쿠아펠리스,35.1540727,129.118724,부산광역시,수영구,광안동,192-5,192,5,2650010400,2650010400-0-01920005,,,,,
541,542,부산광역시,수영구,관광호텔,유토피아관광호텔,(주)삼인건설,영업중,1성,2018-04-24 0:00,지하2~지상8층,1573,7196.38,43,부산광역시 수영구 무학로9번길 133 (광안동),"커피숍,뷔페, 식당, 단란주점",부산광역시 수영구 무학로9번길 133 (광안동),부산광역시 수영구 광안동 50-3 유토피아관광호텔,35.1674017,129.1170397,부산광역시,수영구,광안동,Mar-50,50,3,2650010400,2650010400-0-00500003,Utopia Tourist Hotel,스탠다드 더블,"29,999",,2021-12-13
542,543,부산광역시,수영구,관광호텔,돈비치관광호텔,㈜돈비치관광호텔,영업중,2성,2017-10-26 0:00,지하4~지상10층,1315,8734,44,부산광역시 수영구 광남로 96 (광안동),"카페, 주류판매, 식당",부산광역시 수영구 광남로 96 (광안동),부산광역시 수영구 광안동 199-7 돈비치호텔,35.1504488,129.11506,부산광역시,수영구,광안동,199-7,199,7,2650010400,2650010400-0-01990007,,,,,
543,544,부산광역시,수영구,관광호텔,호텔 호메르스,(주)호메르스호텔,영업중,3성,2018-06-14 0:00,지하4~지상20층,1341.8,17033,152,부산광역시 수영구 광안해변로 217 (광안동),"레스토랑, 사우나, 헬스장, 웨딩홀, 
연회장, 타이마사지, 카페",부산광역시 수영구 광안해변로 217 (광안동),부산광역시 수영구 광안동 193-1 호메르스관광호텔,35.1534261,129.1179754,부산광역시,수영구,광안동,193-1,193,1,2650010400,2650010400-0-01930001,Hotel Homers,비즈니스 더블베드,"72,364",20m²,2021-12-13
544,545,부산광역시,수영구,관광호텔,(주)캐슬비치관광호텔,보람상조피플㈜,영업중,2성,2019-02-15 0:00,지하1~지상10층,841,4585.49,54,부산광역시 수영구 민락수변로 141 (민락동),"레스토랑,카페, 로비 등",부산광역시 수영구 민락수변로 141 (민락동),부산광역시 수영구 민락동 110-60 호텔AG405,35.1564919,129.1346256,부산광역시,수영구,민락동,110-60,110,60,2650010300,2650010300-0-01100060,,,,,
545,546,부산광역시,수영구,관광호텔,투헤븐호텔(2HEAVEN HOTEL),김혜정,영업중,1성,2018-12-27 0:00,지하1~지상4층,521.7,1321,31,"부산광역시 수영구 남천바다로33번길 25, 4~6층 (광안동)","조식공간,노래방,세탁실 등","부산광역시 수영구 남천바다로33번길 25, 4~6층 (광안동)",부산광역시 수영구 광안동 202-8,35.1495084,129.1145735,부산광역시,수영구,광안동,202-8,202,8,2650010400,2650010400-0-02020008,,,,,
546,547,부산광역시,수영구,관광호텔,프리미엄 브이관광호텔,임추연,영업중,1성,2019-04-27 0:00,지상1~지상9층,429.38,3422.47,43,부산광역시 수영구 남천바다로33번길 51 (광안동),"서비스존, 공용오피스존",부산광역시 수영구 남천바다로33번길 51 (광안동),부산광역시 수영구 광안동 199-5,35.1506694,129.1153978,부산광역시,수영구,광안동,199-5,199,5,2650010400,2650010400-0-01990005,,,,,
547,548,부산광역시,수영구,관광호텔,하운드호텔,(주)메이호텔,영업중,2성,2017-07-19 0:00,지하2~지상8층,664.2,3655.72,49,부산광역시 수영구 남천바다로33번길 12 (광안동),"로비라운지, 전망대",부산광역시 수영구 남천바다로33번길 12 (광안동),부산광역시 수영구 광안동 204-5,35.1488877,129.1145383,부산광역시,수영구,광안동,204-5,204,5,2650010400,2650010400-0-02040005,,,,,
548,549,부산광역시,수영구,관광호텔,스타호텔,곽동희,영업중,1성,2018-03-08 0:00,지하1~지상8층,795,1496.07,34,부산광역시 수영구 광안해변로284번길 3 (민락동),"로비라운지, 일반음식점",부산광역시 수영구 광안해변로284번길 3 (민락동),부산광역시 수영구 민락동 181-90,35.1557824,129.125063,부산광역시,수영구,민락동,181-90,181,90,2650010300,2650010300-0-01810090,,,,,
549,550,부산광역시,수영구,관광호텔,H-AVENUE 광안리점,㈜엘제이에스,영업중,1성,2018-03-08 0:00,지상11~지상12층,1967,11962.8,30,"부산광역시 수영구 민락수변로 29 (민락동, 민락동 바다마루)","로비라운지, 일반음식점","부산광역시 수영구 민락수변로 29 (민락동, 민락동 바다마루)",부산광역시 수영구 민락동 181-223 민락동 바다마루,35.1533383,129.1246407,부산광역시,수영구,민락동,181-223,181,223,2650010300,2650010300-0-01810223,,,,,
550,551,부산광역시,수영구,관광호텔,호텔런더너,조영호 외 1명,영업중,2성,2018-04-24 0:00,지하1~지상9층,536,1263.74,45,부산광역시 수영구 민락본동로 12-4 (민락동),"로비라운지, 일반음식점",부산광역시 수영구 민락본동로 12-4 (민락동),부산광역시 수영구 민락동 121-8,35.1576484,129.1287003,부산광역시,수영구,민락동,121-8,121,8,2650010300,2650010300-0-01210008,,,,,
551,552,부산광역시,수영구,관광호텔,호텔1,(주)우리모두브라보,영업중,2성,2018-12-28 0:00,지하2~지상10층,403.6,3419.18,52,"부산광역시 수영구 광안해변로 203 (광안동, 마리나)","로비라운지, 일반음식점, 휴게음식점","부산광역시 수영구 광안해변로 203 (광안동, 마리나)",부산광역시 수영구 광안동 196-3,35.1524994,129.1173754,부산광역시,수영구,광안동,196-3,196,3,2650010400,2650010400-0-01960003,,,,,
552,553,부산광역시,수영구,관광호텔,베스트 루이스 해밀턴 호텔 광안점,박찬용 외 1명,영업중,2성,2019-06-10 0:00,지하1~지상15층,422.16,2037.96,50,부산광역시 수영구 광안해변로 276 (민락동),"로비라운지, 일반음식점",부산광역시 수영구 광안해변로 276 (민락동),부산광역시 수영구 민락동 181-205,35.1556222,129.1239915,부산광역시,수영구,민락동,181-205,181,205,2650010300,2650010300-0-01810205,,,,,
553,554,부산광역시,수영구,관광호텔,H-AVENUE 광안리해변점,이윤우 외 1명,영업중,2성,2019-12-20 0:00,지상8~지상10층,3558,1497.35,34,부산광역시 수영구 광안해변로278번길 42(민락동),"로비라운지, 일반음식점",부산광역시 수영구 광안해변로278번길 42 (민락동),부산광역시 수영구 민락동 181-154 오션브릿지,35.1539705,129.1245151,부산광역시,수영구,민락동,181-154,181,154,2650010300,2650010300-0-01810154,,,,,
554,555,부산광역시,수영구,관광호텔,더포인트호텔 광안리점,㈜골든,영업중,2성,2019-10-11 0:00,지상7~지상10층,3558,2706.44,45,"부산광역시 수영구 광안해변로278번길 42, 오션브릿지 A동 7~10층 (민락동)","로비라운지, 일반음식점","부산광역시 수영구 광안해변로278번길 42, 오션브릿지 A동 7~10층 (민락동)",부산광역시 수영구 민락동 181-154 오션브릿지,35.1539705,129.1245151,부산광역시,수영구,민락동,181-154,181,154,2650010300,2650010300-0-01810154,,,,,
555,556,부산광역시,수영구,관광호텔,호텔 센트럴베이,㈜센트럴베이,영업중,평가중,,지하1~지상17층,696.31,9656.46,134,부산광역시 수영구 광안해변로 189 (광안동),"로비라운지, 일반음식점",부산광역시 수영구 광안해변로 189 (광안동),부산광역시 수영구 광안동 197-2 HOTEL CENTRALBAY,35.1514799,129.1164362,부산광역시,수영구,광안동,197-2,197,2,2650010400,2650010400-0-01970002,Hotel Central Bay Gwangalli,수페리어 더블룸 - 도시 전망,"81,818",,2021-12-13
556,557,부산광역시,수영구,소형호텔,브라운도트호텔,정지영,영업중,1성,2017-10-26 0:00,지하1~지상6층,339.9,1382.35,29,부산광역시 수영구 남천바다로33번길 31 (광안동),"로비라운지, 일반음식점",부산광역시 수영구 남천바다로33번길 31 (광안동),부산광역시 수영구 광안동 202-4,35.1498256,129.1147672,부산광역시,수영구,광안동,202-4,202,4,2650010400,2650010400-0-02020004,,,,,
557,558,부산광역시,수영구,소형호텔,오션투헤븐,안재원 외 1명,영업중,2성,2019-08-21 0:00,지상5~지상6층,3558,1084.37,26,"부산광역시 수영구 광안해변로278번길 42, 오션브릿지 A동 5~6층 (민락동)","로비라운지, 일반음식점","부산광역시 수영구 광안해변로278번길 42, 오션브릿지 A동 5~6층 (민락동)",부산광역시 수영구 민락동 181-154 오션브릿지,35.1539705,129.1245151,부산광역시,수영구,민락동,181-154,181,154,2650010300,2650010300-0-01810154,,,,,
558,559,부산광역시,수영구,호스텔,더뷰 호스텔,강태원,영업중,,,"5층,9층",178.84,2029,11,부산광역시 수영구 남천바다로33번길 47 (광안동),"공동취사장, 문화정보교류실",부산광역시 수영구 남천바다로33번길 47 (광안동),부산광역시 수영구 광안동 199-6 마린빌딩,35.1505048,129.1152966,부산광역시,수영구,광안동,199-6,199,6,2650010400,2650010400-0-01990006,,,,,
559,560,부산광역시,수영구,호스텔,에이치라운지,정소영,영업중,,,"지상7층, 9층",380.3,2143.19,13,"부산광역시 수영구 광안해변로 249, 7,9층 (민락동)","공동취사장, 문화정보교류실","부산광역시 수영구 광안해변로 249, 7,9층 (민락동)",부산광역시 수영구 민락동 178-13 249타워,35.1551686,129.1211637,부산광역시,수영구,민락동,178-13,178,13,2650010300,2650010300-0-01780013,,,,,
560,561,부산광역시,수영구,호스텔,게스트하우스 어반,김경하,영업중,,,지상2~4층,235,559.57,12,"부산광역시 수영구 광안해변로295번길 4-7, 2~4층 (민락동)","공동취사장, 문화정보교류실","부산광역시 수영구 광안해변로295번길 4-7, 2~4층 (민락동)",부산광역시 수영구 민락동 181-68,35.1570135,129.1259132,부산광역시,수영구,민락동,181-68,181,68,2650010300,2650010300-0-01810068,,,,,
561,562,부산광역시,수영구,호스텔,제이스테이,김민주,영업중,,,지상4~6층,194.9,820.81,12,부산광역시 수영구 남천바다로 31-1 (광안동),"공동취사장, 문화정보교류실",부산광역시 수영구 남천바다로 31-1 (광안동),부산광역시 수영구 광안동 203-18 광안동 AK빌딩,35.1487652,129.1140254,부산광역시,수영구,광안동,203-18,203,18,2650010400,2650010400-0-02030018,,,,,
562,563,부산광역시,수영구,호스텔,벡스코호스텔,김쌍녀,영업중,,,지상1~3층,320,395.88,14,부산광역시 수영구 광안해변로284번길 43 (민락동),"공동취사장, 문화정보교류실",부산광역시 수영구 광안해변로284번길 43 (민락동),부산광역시 수영구 민락동 181-212,35.1540371,129.125562,부산광역시,수영구,민락동,181-212,181,212,2650010300,2650010300-0-01810212,Bexco Hostel B&B,트윈룸,"38,209",20m²,2021-12-13
563,564,부산광역시,수영구,호스텔,SEASEE게스트하우스,박상진,영업중,,,지상5층,170,678.2,2,부산광역시 수영구 광안해변로 191 (광안동),"공동취사장, 문화정보교류실",부산광역시 수영구 광안해변로 191 (광안동),부산광역시 수영구 광안동 197-16,35.1515708,129.1166675,부산광역시,수영구,광안동,197-16,197,16,2650010400,2650010400-0-01970016,,,,,
564,565,부산광역시,수영구,호스텔,이화맨션,조영혜,영업중,,,지상6층,214.3,697.435,1,"부산광역시 수영구 광안해변로 247, 6층 (민락동)","공동취사장, 문화정보교류실","부산광역시 수영구 광안해변로 247, 6층 (민락동)",부산광역시 수영구 민락동 178-19,35.1550462,129.1208365,부산광역시,수영구,민락동,178-19,178,19,2650010300,2650010300-0-01780019,,,,,
565,566,부산광역시,수영구,호스텔,헤븐리 펜트하우스,정소영,영업중,,,지상10층,299,207.99,5,부산광역시 수영구 민락수변로 13-1 (민락동),"공동취사장, 문화정보교류실",부산광역시 수영구 민락수변로 13-1 (민락동),부산광역시 수영구 민락동 181-143 정원비치,35.1546374,129.1241712,부산광역시,수영구,민락동,181-143,181,143,2650010300,2650010300-0-01810143,,,,,
566,567,부산광역시,수영구,호스텔,해피앤게스트하우스,송신해,영업중,,,지상3층,383.1,561.42,4,"부산광역시 수영구 광남로 106, 3층 (광안동)","공동취사장, 문화정보교류실","부산광역시 수영구 광남로 106, 3층 (광안동)",부산광역시 수영구 광안동 199-12,35.1512456,129.1155215,부산광역시,수영구,광안동,199-12,199,12,2650010400,2650010400-0-01990012,,,,,
567,568,부산광역시,수영구,호스텔,호텔미라주,이양미,영업중,,,지상1~6층,225,597.8,16,"부산광역시 수영구 남천바다로33번길 15 (광안동, 미라쥬)","공동취사장, 문화정보교류실","부산광역시 수영구 남천바다로33번길 15 (광안동, 미라쥬)",부산광역시 수영구 광안동 203-4 미라쥬,35.1492132,129.1143045,부산광역시,수영구,광안동,203-4,203,4,2650010400,2650010400-0-02030004,,,,,
568,569,부산광역시,수영구,호스텔,어반하우스,㈜상하,영업중,,,지상6층,267,1192,2,"부산광역시 수영구 민락수변로7번길 16, 6층 (민락동, 비치프라자)","공동취사장, 문화정보교류실","부산광역시 수영구 민락수변로7번길 16, 6층 (민락동, 비치프라자)",부산광역시 수영구 민락동 181-149 비치프라자,35.1552586,129.1245627,부산광역시,수영구,민락동,181-149,181,149,2650010300,2650010300-0-01810149,,,,,
569,570,부산광역시,수영구,호스텔,B612 호스텔,박지봉,영업중,,,지상6층,642.3,1781.25,7,"부산광역시 수영구 광안해변로 179, 6층 (광안동)","공동취사장, 문화정보교류실","부산광역시 수영구 광안해변로 179, 6층 (광안동)",부산광역시 수영구 광안동 200-4,35.1506001,129.1158653,부산광역시,수영구,광안동,200-4,200,4,2650010400,2650010400-0-02000004,,,,,
570,571,부산광역시,수영구,호스텔,페트라 호스텔,김수환,영업중,,,지상2~4층,369,1264.91,15,부산광역시 수영구 광안해변로295번길 4-11 (민락동),"공동취사장, 문화정보교류실",부산광역시 수영구 광안해변로295번길 4-11 (민락동),부산광역시 수영구 민락동 181-52 주건축물제1동,35.1571268,129.1260377,부산광역시,수영구,민락동,181-52,181,52,2650010300,2650010300-0-01810052,,,,,
571,572,부산광역시,수영구,호스텔,호텔더그랑 광안(호스텔),박향연,영업중,,,지상2~4층,229,1221.44,7,"부산광역시 수영구 광안해변로290번길 6, 2, 7층 (민락동)","공동취사장, 문화정보교류실","부산광역시 수영구 광안해변로290번길 6, 2, 7층 (민락동)",부산광역시 수영구 민락동 181-91,35.1558594,129.1252462,부산광역시,수영구,민락동,181-91,181,91,2650010300,2650010300-0-01810091,Hotel The Gran Gwangan,Standard Double Room,"35,236",17m²,2021-12-13
572,573,부산광역시,수영구,호스텔,솔게스트하우스 부산파티점,정성학,영업중,,,지상2~4층,112.58,616.07,8,"부산광역시 수영구 광안로62번길 1, 3~4층 (광안동)","공동취사장, 문화정보교류실","부산광역시 수영구 광안로62번길 1, 3~4층 (광안동)",부산광역시 수영구 광안동 192-1,35.1545698,129.1187259,부산광역시,수영구,광안동,192-1,192,1,2650010400,2650010400-0-01920001,,,,,
573,574,부산광역시,수영구,호스텔,루크하우스,강영주,영업중,,,지상2~4층,194.9,820.81,3,"부산광역시 수영구 남천바다로 31-1, 7~8층 (광안동, 광안동 AK빌딩)","공동취사장, 문화정보교류실","부산광역시 수영구 남천바다로 31-1, 7~8층 (광안동, 광안동 AK빌딩)",부산광역시 수영구 광안동 203-18 광안동 AK빌딩,35.1487652,129.1140254,부산광역시,수영구,광안동,203-18,203,18,2650010400,2650010400-0-02030018,,,,,
574,575,부산광역시,수영구,호스텔,커플라운지 호스텔,최하경,영업중,,,지상2~4층,461.5,3877.7,18,"부산광역시 수영구 광안해변로 237, 601호 (민락동, 테마타워)","공동취사장, 문화정보교류실","부산광역시 수영구 광안해변로 237, 601호 (민락동, 테마타워)",부산광역시 수영구 민락동 179-11 테마타워,35.1547253,129.1199263,부산광역시,수영구,민락동,179-11,179,11,2650010300,2650010300-0-01790011,,,,,
575,576,부산광역시,수영구,호스텔,몰디브호텔,정봉엽,영업중,,,지상2~4층,317.4,1489.31,6,"부산광역시 수영구 광남로 29, 3층 (남천동, 한사리빌딩)","공동취사장, 문화정보교류실","부산광역시 수영구 광남로 29, 3층 (남천동, 한사리빌딩)",부산광역시 수영구 남천동 27-23 한사리빌딩,35.1455352,129.1106392,부산광역시,수영구,남천동,27-23,27,23,2650010500,2650010500-0-00270023,,,,,
576,577,부산광역시,수영구,호스텔,GAD Guest House,조수범,영업중,,,지상2~4층,299,1790.88,6,"부산광역시 수영구 민락수변로 13, 2층 (민락동)","공동취사장, 문화정보교류실","부산광역시 수영구 민락수변로 13, 2층 (민락동)",부산광역시 수영구 민락동 181-141,35.1547317,129.1241192,부산광역시,수영구,민락동,181-141,181,141,2650010300,2650010300-0-01810141,,,,,
577,578,부산광역시,수영구,호스텔,No25호스텔,윤제웅,영업중,,,지상2~4층,276,999.62,7,부산광역시 수영구 광안해변로284번길 16 (민락동),"공동취사장, 문화정보교류실",부산광역시 수영구 광안해변로284번길 16 (민락동),부산광역시 수영구 민락동 181-177,35.1552106,129.1248253,부산광역시,수영구,민락동,181-177,181,177,2650010300,2650010300-0-01810177,,,,,
578,579,부산광역시,수영구,호스텔,피코블루,이병진,영업중,,,지상2~4층,185.5,879.48,15,"부산광역시 수영구 광안해변로 247-1, 5층 (민락동, 행복빌딩)","공동취사장, 문화정보교류실","부산광역시 수영구 광안해변로 247-1, 5층 (민락동, 행복빌딩)",부산광역시 수영구 민락동 178-15 행복빌딩,35.1550952,129.1209773,부산광역시,수영구,민락동,178-15,178,15,2650010300,2650010300-0-01780015,,,,,
579,580,부산광역시,수영구,호스텔,레드 하우스,김미자,영업중,,,지상2~4층,165,173.98,3,부산광역시 수영구 민락본동로11번길 79 (민락동),"공동취사장, 문화정보교류실",부산광역시 수영구 민락본동로11번길 79 (민락동),부산광역시 수영구 민락동 182-4,35.156552,129.1245835,부산광역시,수영구,민락동,182-4,182,4,2650010300,2650010300-0-01820004,,,,,
580,581,부산광역시,수영구,호스텔,마레파티하우스,임금주 외 1 명,영업중,,,지상2~4층,273,1173.85,6,"부산광역시 수영구 민락수변로7번길 20,2층,7층(민락동)","공동취사장, 문화정보교류실","부산광역시 수영구 민락수변로7번길 20,2층,7층 (민락동)",부산광역시 수영구 민락동 181-150,35.1553138,129.1248012,부산광역시,수영구,민락동,181-150,181,150,2650010300,2650010300-0-01810150,,,,,
581,582,부산광역시,수영구,호스텔,누리호스텔,허태원 외 1 명,영업중,,,지상7층,445.6,1458.68,3,"부산광역시 수영구 남천바다로33번길 86, 7층 (광안동)","공동취사장, 문화정보교류실","부산광역시 수영구 남천바다로33번길 86, 7층 (광안동)",부산광역시 수영구 광안동 197-34,35.151747,129.1166208,부산광역시,수영구,광안동,197-34,197,34,2650010400,2650010400-0-01970034,,,,,
582,583,부산광역시,수영구,호스텔,호스텔 휴,안혜경,영업중,,,지상6층,307.1,1067.36,2,"부산광역시 수영구 광남로 132, 6층 (광안동)","공동취사장, 문화정보교류실","부산광역시 수영구 광남로 132, 6층 (광안동)",부산광역시 수영구 광안동 194-8 M101모텔,35.1532201,129.1170441,부산광역시,수영구,광안동,194-8,194,8,2650010400,2650010400-0-01940008,,,,,
583,584,부산광역시,수영구,호스텔,릴리하우스,박정희,영업중,,,지상4층,261.8,987.69,6,"부산광역시 수영구 수영로464번길 22, 4층 (남천동)","공동취사장, 문화정보교류실","부산광역시 수영구 수영로464번길 22, 4층 (남천동)",부산광역시 수영구 남천동 28-10,35.1469102,129.1113651,부산광역시,수영구,남천동,10월 28일,28,10,2650010500,2650010500-0-00280010,,,,,
584,585,부산광역시,수영구,호스텔,더폼호스텔,홍순일,영업중,,,지상9층,286.9,1146.94,2,"부산광역시 수영구 민락본동로11번길 42, 9층 (민락동)","공동취사장, 문화정보교류실","부산광역시 수영구 민락본동로11번길 42, 9층 (민락동)",부산광역시 수영구 민락동 34-4 더폼하우스,35.1574477,129.126293,부산광역시,수영구,민락동,Apr-34,34,4,2650010300,2650010300-0-00340004,,,,,
585,586,부산광역시,수영구,호스텔,반 게스트하우스,김민근,영업중,,,지상1~2층,124.2,83.37,4,부산광역시 수영구 광남로 158 (민락동),"공동취사장, 문화정보교류실",부산광역시 수영구 광남로 158 (민락동),부산광역시 수영구 민락동 184-36,35.1551576,129.1186409,부산광역시,수영구,민락동,184-36,184,36,2650010300,2650010300-0-01840036,,,,,
586,587,부산광역시,수영구,호스텔,브라운도트 호텔 수영,김태훈 외 1명,영업중,,,지하1~지상6층,604.6,2281.67,49,부산광역시 수영구 망미번영로52번길 112 (수영동),"공동취사장, 문화정보교류실",부산광역시 수영구 망미번영로52번길 112 (수영동),부산광역시 수영구 수영동 450-5,35.1685648,129.114171,부산광역시,수영구,수영동,450-5,450,5,2650010200,2650010200-0-04500005,,,,,
587,588,부산광역시,수영구,호스텔,언플랜드88,김민근,영업중,,,지상3~4층,299,415.74,6,"부산광역시 수영구 민락수변로 15, 3~4층 (민락동)","공동취사장, 문화정보교류실","부산광역시 수영구 민락수변로 15, 3~4층 (민락동)",부산광역시 수영구 민락동 181-145,35.154537,129.1242124,부산광역시,수영구,민락동,181-145,181,145,2650010300,2650010300-0-01810145,,,,,
588,589,부산광역시,수영구,호스텔,오션스테이호텔,정남희,영업중,,,지상7층,3558,462.91,14,"부산광역시 수영구 광안해변로278번길 42, 오션브릿지 B동 7층 (민락동)","공동취사장, 문화정보교류실","부산광역시 수영구 광안해변로278번길 42, 오션브릿지 B동 7층 (민락동)",부산광역시 수영구 민락동 181-154 오션브릿지,35.1539705,129.1245151,부산광역시,수영구,민락동,181-154,181,154,2650010300,2650010300-0-01810154,,,,,
589,590,부산광역시,수영구,호스텔,H7L 호스텔,박지봉,영업중,,,지상7층,642.3,218.85,7,"부산광역시 수영구 광안해변로 179, 7층 (광안동)","공동취사장, 문화정보교류실","부산광역시 수영구 광안해변로 179, 7층 (광안동)",부산광역시 수영구 광안동 200-4,35.1506001,129.1158653,부산광역시,수영구,광안동,200-4,200,4,2650010400,2650010400-0-02000004,,,,,
590,591,부산광역시,수영구,호스텔,라움103,추성숙,영업중,,,지상6층,990,392.016,11,"부산광역시 수영구 민락수변로 103, 6층 (민락동)","공동취사장, 문화정보교류실","부산광역시 수영구 민락수변로 103, 6층 (민락동)",부산광역시 수영구 민락동 110-51 밀레니엄프라자,35.1548012,129.131825,부산광역시,수영구,민락동,110-51,110,51,2650010300,2650010300-0-01100051,,,,,
591,592,부산광역시,수영구,호스텔,스마일하우스,한진원,영업중,,,지상9층,480,183.81,1,"부산광역시 수영구 민락수변로 7, OK타운 9층 (민락동)","공동취사장, 문화정보교류실","부산광역시 수영구 민락수변로 7, OK타운 9층 (민락동)",부산광역시 수영구 민락동 181-86 OK타운,35.1551475,129.1240236,부산광역시,수영구,민락동,181-86,181,86,2650010300,2650010300-0-01810086,,,,,
592,593,부산광역시,수영구,호스텔,옐로우라이트하우스,김도윤,영업중,,,지상4층,580,210.42,3,"부산광역시 수영구 광안해변로370번길 9-32, 401호 (민락동)","공동취사장, 문화정보교류실","부산광역시 수영구 광안해변로370번길 9-32, 401호 (민락동)",부산광역시 수영구 민락동 110-54,35.156747,129.134285,부산광역시,수영구,민락동,110-54,110,54,2650010300,2650010300-0-01100054,,,,,
593,594,부산광역시,수영구,호스텔,브라운도트호텔 민락점,㈜리손,영업중,,,지상13층,3558,255.43,7,"부산광역시 수영구 광안해변로278번길 42, 오션브릿지 A동 13층 1302호 (민락동)","공동취사장, 문화정보교류실","부산광역시 수영구 광안해변로278번길 42, 오션브릿지 A동 13층 1302호 (민락동)",부산광역시 수영구 민락동 181-154 오션브릿지,35.1539705,129.1245151,부산광역시,수영구,민락동,181-154,181,154,2650010300,2650010300-0-01810154,,,,,
594,595,부산광역시,수영구,호스텔,어반하우스펜트,한민경,영업중,,,지상9층,336,226.33,3,"부산광역시 수영구 민락수변로 5, 성진회센터 9층 (민락동)","공동취사장, 문화정보교류실","부산광역시 수영구 민락수변로 5, 성진회센터 9층 (민락동)",부산광역시 수영구 민락동 181-204 성진회센터,35.1553257,129.1239041,부산광역시,수영구,민락동,181-204,181,204,2650010300,2650010300-0-01810204,,,,,
595,596,부산광역시,수영구,호스텔,더베이클럽호텔,정옥자 외 2명,영업중,,,지상15층,3558,361.98,5,"부산광역시 수영구 광안해변로278번길 42, 오션브릿지 B동 1501호 (민락동)","공동취사장, 문화정보교류실","부산광역시 수영구 광안해변로278번길 42, 오션브릿지 B동 1501호 (민락동)",부산광역시 수영구 민락동 181-154 오션브릿지,35.1539705,129.1245151,부산광역시,수영구,민락동,181-154,181,154,2650010300,2650010300-0-01810154,,,,,
596,597,부산광역시,수영구,호스텔,더웨이브,이지현,영업중,,,지상5~6층,207.38,414.76,6,"부산광역시 수영구 민락수변로 9, 5~6층 (민락동)","공동취사장, 문화정보교류실","부산광역시 수영구 민락수변로 9, 5~6층 (민락동)",부산광역시 수영구 민락동 181-135,35.1550614,129.1241552,부산광역시,수영구,민락동,181-135,181,135,2650010300,2650010300-0-01810135,,,,,
597,598,부산광역시,수영구,호스텔,휴일,송선주,영업중,,,지상3~4층,207.38,414.76,6,"부산광역시 수영구 민락수변로 9, 3~4층 (민락동)","공동취사장, 문화정보교류실","부산광역시 수영구 민락수변로 9, 3~4층 (민락동)",부산광역시 수영구 민락동 181-135,35.1550614,129.1241552,부산광역시,수영구,민락동,181-135,181,135,2650010300,2650010300-0-01810135,,,,,
598,599,부산광역시,수영구,호스텔,뷰먼드,㈜이화인터내셔널,영업중,,,"지상4~10층, 12층",210.2,721.22,8,"부산광역시 수영구 광안해변로 161, 4~10, 12층 (광안동)","공동취사장, 문화정보교류실","부산광역시 수영구 광안해변로 161, 4~10, 12층 (광안동)",부산광역시 수영구 광안동 201-9 씨 타워,35.1492257,129.1148125,부산광역시,수영구,광안동,201-9,201,9,2650010400,2650010400-0-02010009,,,,,
599,600,부산광역시,수영구,호스텔,레지던스 다온채,㈜다온채,영업중,,,"지하1층, 지상7~11층",367.9,841.55,20,"부산광역시 수영구 광안해변로307번길 15, 다온채 지하1,지상7~11층 (민락동)","공동취사장, 문화정보교류실","부산광역시 수영구 광안해변로307번길 15, 다온채 지하1,지상7~11층 (민락동)",부산광역시 수영구 민락동 34-1 다온채,35.1577059,129.1264923,부산광역시,수영구,민락동,Jan-34,34,1,2650010300,2650010300-0-00340001,,,,,
600,601,부산광역시,금정구,관광호텔,호텔 G&G,노인순,영업중,1성,2018.3.26.,지하1층~지상10층,268.35,2491.11,42,부산 금정구 금정로 242(구서동),음식점,부산광역시 금정구 금정로 242 (구서동),부산광역시 금정구 구서동 420-40 지앤지호텔,35.2448509,129.0919296,부산광역시,금정구,구서동,420-40,420,40,2641010700,2641010700-0-04200040,,,,,
601,602,부산광역시,영도구,관광호텔,베이하운드호텔,㈜한주디앤아이,영업중,2성,2020.12.,지하2층~지상9층,535.5,4444.98,69,부산광역시 영도구 태종로65번길 11(대교동1가),일반음식점,부산광역시 영도구 태종로65번길 11 (대교동1가),부산광역시 영도구 대교동1가 68-1 금호빌딩,35.093144,129.0384432,부산광역시,영도구,대교동1가,Jan-68,68,1,2620010100,2620010100-0-00680001,BAYHOUND HOTEL,스탠다드 트윈,"47,864",30m²,2021-12-13
602,603,부산광역시,남구,관광호텔,이데아(IDEA)관광호텔,"최은주,최환조",영업중,1성,재평가 예정,지상10증,698.3,3304.38,52,부산광역시 남구 유엔평화로 35 (대연동),호텔 커피숍,부산광역시 남구 유엔평화로 35 (대연동),부산광역시 남구 대연동 889-4,35.1319106,129.0923839,부산광역시,남구,대연동,889-4,889,4,2629010600,2629010600-0-08890004,,,,,
603,604,부산광역시,남구,관광호텔,지앤지(G&G)관광호텔,"권순해,권순옥",영업중,2성,2020.05.22,지상10증,477,2381.15,41,부산광역시 남구 유엔평화로4번길 34 (대연동),,부산광역시 남구 유엔평화로4번길 34 (대연동),부산광역시 남구 대연동 1751-16,35.1345872,129.0899594,부산광역시,남구,대연동,1751-16,1751,16,2629010600,2629010600-0-17510016,,,,,
604,605,부산광역시,서구,관광호텔,부산비치관광호텔,세화산업㈜,영업중,2성,2019-10-04 0:00,지하1층~지상8층,534,2145.21,35,부산 서구 등대로 113 (남부민동),,부산광역시 서구 등대로 113 (남부민동),부산광역시 서구 남부민동 523-44,35.0849779,129.0262666,부산광역시,서구,남부민동,523-44,523,44,2614012300,2614012300-0-05230044,,,,,
605,606,부산광역시,서구,관광호텔,송도비치관광호텔,김종원,휴업중,1성,2018-07-13 0:00,지하1층~지상8층,1528,4073.45,44,부산 서구 암남공원로 9 (암남동),,부산광역시 서구 암남공원로 9 (암남동),부산광역시 서구 암남동 541-6,35.0746077,129.0155456,부산광역시,서구,암남동,541-6,541,6,2614012400,2614012400-0-05410006,,,,,
606,607,부산광역시,서구,관광호텔,뉴엔송도호텔,소진해운㈜,영업중,1성,2018-08-13 0:00,지상9층,1598,2720.17,45,부산 서구 충무대로 16 (암남동),,부산광역시 서구 충무대로 16 (암남동),부산광역시 서구 암남동 335-5,35.0772452,129.0164039,부산광역시,서구,암남동,335-5,335,5,2614012400,2614012400-0-03350005,,,,,
607,608,부산광역시,서구,관광호텔,페어필드 바이 메리어트 부산송도비치 호텔,㈜케이알에스,영업중,-,심사중,지상19층,1268,9760.4,179,부산 서구 송도해변로 113 (암남동),"음식점, 카페, 헬스장 등",부산광역시 서구 송도해변로 113 (암남동),부산광역시 서구 암남동 230,35.077693,129.0192611,부산광역시,서구,암남동,230,230,0,2614012400,2614012400-0-02300000,,,,,
608,609,부산광역시,기장군,관광호텔,동부산관광호텔,(주)동부산관광호텔,영업중,2성급,19.05.08.,지하1층~지상7층,13361,11457,61,부산광역시 기장군 장안읍 장안로 38,"카페,유흥주점,게임제공업소,소매점,연회장,레스토랑",부산광역시 기장군 장안읍 장안로 38,부산광역시 기장군 장안읍 기룡리 454-3 동부산관광호텔,35.3433993,129.2532003,부산광역시,기장군,장안읍 기룡리,454-3,454,3,2671025328,2671025328-0-04540003,,,,,
609,610,부산광역시,기장군,관광호텔,힐튼부산,(주)아난티코브,영업중,5성급,17.11.23,지하4층~지상10층,32638.5,93981.55,316,부산광역시 기장군 기장읍 기장해안로 268-32,"목욕장4개, 소매점, 휴게음식점 3개,일반음식점 2개, 연회장 2개, 소매점 2개, 의원, 미용원, 동물병원,체력단련장 2개, 피부미용실, 사우나 3개, 라운지 2개, 실내수영장",부산광역시 기장군 기장읍 기장해안로 268-32,부산광역시 기장군 기장읍 시랑리 704-1 힐튼부산,35.1981931,129.2285839,부산광역시,기장군,기장읍 시랑리,704-1,704,1,2671025033,2671025033-0-07040001,,,,,
610,611,부산광역시,기장군,관광호텔,하운드호텔 기장일광점,주식회사 블루캐슬,영업중,,,지상11,681,2649,53,부산광역시 기장군 일광면 해송3로 2,"프론트, 로비, 조식공간 등",부산광역시 기장군 일광면 해송3로 2,부산광역시 기장군 일광면 삼성리 890-4 하운드호텔 기장일광점,35.2655271,129.2305381,부산광역시,기장군,일광면 삼성리,890-4,890,4,2671031021,2671031021-0-08900004,,,,,
611,612,부산광역시,기장군,관광호텔,브라운도트 호텔,브라운도트 호텔,영업중,,,지상8층,735.3,2174.06,41,부산광역시 기장군 정관읍 산단1로 98-31,"프론트, 로비, 조식공간등",부산광역시 기장군 정관읍 산단1로 98-31,부산광역시 기장군 정관읍 달산리 1049-5,35.3161019,129.1817318,부산광역시,기장군,정관읍 달산리,1049-5,1049,5,2671025625,2671025625-0-10490005,,,,,
612,613,부산광역시,기장군,호스텔,URBANE pool villa (어베인풀빌라),URBANE pool villa (어베인풀빌라),영업중,,,"지하1층~지상1층,지상3층~8층",358.2,1332.04,8,부산광역시 기장군 일광면 일역길 78-2,"프론트, pc룸, 공동취사장",부산광역시 기장군 일광면 일역길 78-2,부산광역시 기장군 일광면 삼성리 714-2 (주)JF해양수산,35.2612492,129.2330699,부산광역시,기장군,일광면 삼성리,714-2,714,2,2671031021,2671031021-0-07140002,,,,,
613,614,부산광역시,기장군,호스텔,연화리관광호텔,연화리관광호텔,영업중,,,지하1층~지상7층,1119,613,24,부산광역시 기장군 기장읍 기장해안로 460,"프론트, 커뮤니티시설 등",부산광역시 기장군 기장읍 기장해안로 460,부산광역시 기장군 기장읍 연화리 330-2,35.2155909,129.223009,부산광역시,기장군,기장읍 연화리,330-2,330,2,2671025029,2671025029-0-03300002,,,,,
614,615,부산광역시,기장군,호스텔,타이드어웨이풀빌라,타이드어웨이풀빌라,영업중,,,지하2층~지상4층,819,1824,14,부산광역시 기장군 기장읍 기장해안로 26,"프론트, 문화정보교류실",부산광역시 기장군 기장읍 기장해안로 26,부산광역시 기장군 기장읍 시랑리 615-5,35.1821709,129.2085278,부산광역시,기장군,기장읍 시랑리,615-5,615,5,2671025033,2671025033-0-06150005,,,,,
615,616,부산광역시,기장군,호스텔,테라스,테라스,영업중,,,지상5층,661,3741,20,부산광역시 기장군 일광면 기장해안로 1309-4,"프론트, 문화교류의 장",부산광역시 기장군 일광면 기장해안로 1309-4,부산광역시 기장군 일광면 삼성리 714-8,35.260825,129.2331258,부산광역시,기장군,일광면 삼성리,714-8,714,8,2671031021,2671031021-0-07140008,,,,,
616,617,부산광역시,기장군,콘도미니엄,아난티펜트하우스 해운대,,영업중,,,지하4층~지상10층,43198.8,84752.66,218,2014-02-01 0:00,2017-01-01 0:00,부산광역시 기장군 기장읍 기장해안로 268-31,부산광역시 기장군 기장읍 시랑리 704 아난티 펜트하우스 해운대,35.2001641,129.2288963,부산광역시,기장군,기장읍 시랑리,704,704,0,2671025033,2671025033-0-07040000,,,,,
617,618,부산광역시,기장군,콘도미니엄,해운대비치골프앤리조트,,영업중,,,지하1층~지상4층,63157,24575,75,2015-01-01 0:00,2019-02-01 0:00,부산광역시 기장군 기장읍 대변로 74,부산광역시 기장군 기장읍 대변리 504-3 해운대비치골프앤리조트,35.2299695,129.221575,부산광역시,기장군,기장읍 대변리,504-3,504,3,2671025028,2671025028-0-05040003,,,,,
618,619,부산광역시,북구,관광호텔,브라운도트호텔 덕천점,정경숙,영업중,-,-,지하1층~지상10층,253.8,2.340.27,47,부산 북구 금곡대로8번길 20(덕천동),,부산광역시 북구 금곡대로8번길 20 (덕천동),부산광역시 북구 덕천동 399-17,35.2108736,129.0062943,부산광역시,북구,덕천동,399-17,399,17,2632010400,2632010400-0-03990017,,,,,
619,620,부산광역시,북구,관광호텔,브라운도트호텔 만덕점,케이케이씨보스㈜,영업중,-,-,지상7층,2168,1734.37,40,부산 북구 만덕고개길 70(만덕동),,부산광역시 북구 만덕고개길 70 (만덕동),부산광역시 북구 만덕동 73-17 브라운도트호텔,35.2116695,129.0467415,부산광역시,북구,만덕동,73-17,73,17,2632010300,2632010300-0-00730017,,,,,
620,621,부산광역시,북구,호스텔,편한게스트하우스,김광호,영업중,-,-,1개층(4층),199.45,199.45,13,부산 북구 만덕대로 84,,부산광역시 북구 만덕대로 84,부산광역시 북구 덕천동 387-6 성암빌딩,35.2120861,129.0140767,부산광역시,북구,덕천동,387-6,387,6,2632010400,2632010400-0-03870006,,,,,
621,622,부산광역시,사상구,관광호텔,㈜한도 호텔파라곤,㈜한도,영업중,3,2020.12.28.,17,2781.5,"16,174,62",132,부산광역시 사상구 광장로 46(괘법동),,부산광역시 사상구 광장로 46 (괘법동),부산광역시 사상구 괘법동 564-25 (주)한도 호텔 파라곤,35.1616982,128.9816105,부산광역시,사상구,괘법동,564-25,564,25,2653010400,2653010400-0-05640025,,,,,
622,623,부산광역시,중구,관광호텔,(주)코모도호텔,신경록 외 1 명,영업중,4성,2020.12.28.,지하2층~지상15층,8145.95,33077.13,312,부산광역시 중구 중구로 151 (영주동),-,부산광역시 중구 중구로 151 (영주동),부산광역시 중구 영주동 742-13 코모도호텔,35.1089241,129.0347235,부산광역시,중구,영주동,742-13,742,13,2611010100,2611010100-0-07420013,Commodore Hotel,스테이케이션 혜택 - 비즈니스 트윈룸 - 13:00까지 늦은 체크아웃,"51,873",18m²,2021-12-13
623,624,부산광역시,중구,관광호텔,(주)부산관광호텔,최재원,영업중,기간만료,2020.12.29.,지하2층~지상14층,2362.4,16395.24,273,부산광역시 중구 광복로97번길 23 (동광동2가),-,부산광역시 중구 광복로97번길 23 (동광동2가),부산광역시 중구 동광동2가 12-1,35.1002923,129.034629,부산광역시,중구,동광동2가,12월 01일,12,1,2611011200,2611011200-0-00120001,Busan Tourist Hotel,슈페리어 더블룸,"49,140",21m²,2021-12-13
624,625,부산광역시,중구,관광호텔,타워힐관광호텔,최용태,영업중,3성,2020.12.30.,지상6층,1420.9,5658.34,116,"부산광역시 중구 백산길 20 (동광동3가, 타워호텔)",-,"부산광역시 중구 백산길 20 (동광동3가, 타워호텔)",부산광역시 중구 동광동3가 20 타워호텔,35.1011387,129.0343482,부산광역시,중구,동광동3가,20,20,0,2611011300,2611011300-0-00200000,,,,,
625,626,부산광역시,중구,관광호텔,호텔노아,이수천 외 1 명,영업중,기간만료,2020.12.31.,지하1층~지상9층,395.3,3186.56,51,부산광역시 중구 자갈치로47번길 3-1 (남포동5가),-,부산광역시 중구 자갈치로47번길 3-1 (남포동5가),부산광역시 중구 남포동5가 80-1,35.0974853,129.0292407,부산광역시,중구,남포동5가,Jan-80,80,1,2611014000,2611014000-0-00800001,,,,,
626,627,부산광역시,중구,관광호텔,토요코인부산역Ⅱ,홍지명,영업중,기간만료,2020.12.32.,지하2층~지상23층,1288,12168,491,부산광역시 중구 중앙대로 125 (대창동1가),-,부산광역시 중구 중앙대로 125 (대창동1가),부산광역시 중구 대창동1가 22-4,35.1090247,129.0366053,부산광역시,중구,대창동1가,04월 22일,22,4,2611010200,2611010200-0-00220004,Toyoko Inn Busan Station 1,세미 더블,"59,999",13m²,2021-12-13
627,628,부산광역시,중구,관광호텔,스탠포드 인 부산,권용범,영업중,기간만료,2020.12.33.,지하2층~지상15층,461.7,4437.88,132,부산광역시 중구 구덕로 53 (남포동5가),-,부산광역시 중구 구덕로 53 (남포동5가),부산광역시 중구 남포동5가 56-1,35.0978575,129.0299368,부산광역시,중구,남포동5가,Jan-56,56,1,2611014000,2611014000-0-00560001,Stanford Inn Busan,스탠다드 트윈,"54,545",18m²,2021-12-13
628,629,부산광역시,중구,관광호텔,넘버25호텔 대청점,정수아,영업중,2성,2020.12.34.,지하2층~지상6층,761.81,4277.42,60,부산광역시 중구 대청로 107 (대청동2가),-,부산광역시 중구 대청로 107 (대청동2가),부산광역시 중구 대청동2가 7-1,35.1031247,129.0316951,부산광역시,중구,대청동2가,07월 01일,7,1,2611011700,2611011700-0-00070001,,,,,
629,630,부산광역시,중구,관광호텔,로얄관광호텔,김기철,휴업중,등급없음,2020.12.35.,지하2층~지상16층,400.66,6569.09,100,부산광역시 중구 광복로67번길 8 (광복동2가),-,부산광역시 중구 광복로67번길 8 (광복동2가),부산광역시 중구 광복동2가 2-72,35.0992364,129.0327598,부산광역시,중구,광복동2가,2-72,2,72,2611013400,2611013400-0-00020072,,,,,
630,631,부산광역시,중구,관광호텔,반달호텔,김태광,영업중,기간만료,2020.12.36.,지상6층,313.3,994.43,28,"부산광역시 중구 해관로 79-1 (중앙동4가, 반달호텔)",-,"부산광역시 중구 해관로 79-1 (중앙동4가, 반달호텔)",부산광역시 중구 중앙동4가 52-8 반달호텔,35.1060682,129.0351643,부산광역시,중구,중앙동4가,Aug-52,52,8,2611010700,2611010700-0-00520008,,,,,
631,632,부산광역시,중구,관광호텔,호텔 빌리,김홍빈,영업중,등급없음,2020.12.37.,지하1층~지상8층,163.2,1035.27,29,부산광역시 중구 보수대로106번길 5 (보수동3가),-,부산광역시 중구 보수대로106번길 5 (보수동3가),부산광역시 중구 보수동3가 5-21,35.1051647,129.021646,부산광역시,중구,보수동3가,05월 21일,5,21,2611012200,2611012200-0-00050021,,,,,
632,633,부산광역시,중구,관광호텔,첵앤아웃호스텔,박배웅,영업중,-,2020.12.38.,지하1층~지상4층,68.98,302.3,2,"부산광역시 중구 초량중로 8-1, 2층 (영주동)",-,"부산광역시 중구 초량중로 8-1, 2층 (영주동)",부산광역시 중구 영주동 20-10,35.1127976,129.0363458,부산광역시,중구,영주동,10월 20일,20,10,2611010100,2611010100-0-00200010,,,,,
633,634,부산광역시,중구,관광호텔,수이호스텔,김성수,영업중,-,2020.12.39.,지상5층,208.8,530.39,7,부산광역시 중구 중앙대로41번길 3-1 (중앙동1가),-,부산광역시 중구 중앙대로41번길 3-1 (중앙동1가),부산광역시 중구 중앙동1가 21-12,35.1010819,129.0360155,부산광역시,중구,중앙동1가,12월 21일,21,12,2611010400,2611010400-0-00210012,,,,,
634,635,부산광역시,중구,관광호텔,브로시스 호텔,성락식,영업중,-,2020.12.40.,지하2층~지상8층,472.6,2838.76,48,부산광역시 중구 구덕로48번길 4 (남포동4가),-,부산광역시 중구 구덕로48번길 4 (남포동4가),부산광역시 중구 남포동4가 5-3,35.0986061,129.0309021,부산광역시,중구,남포동4가,05월 03일,5,3,2611013900,2611013900-0-00050003,Brosis Hotel,4베드 여성 전용 도미토리룸,"48,128",16m²,2021-12-13
635,636,부산광역시,사하구,관광호텔,라스베가스관광호텔,박춘기,영업중,1성,2020.8.27.,지하4층~지상8층,1739.3,1477.71,48,부산광역시 사하구 낙동남로1405번길 14(하단동) ,기타 위락시설 등,부산광역시 사하구 낙동남로1405번길 14 (하단동),부산광역시 사하구 하단동 527-2,35.1073437,128.9656502,부산광역시,사하구,하단동,527-2,527,2,2638010300,2638010300-0-05270002,,,,,
636,637,부산광역시,사하구,관광호텔,브라운도트관광호텔,오언숙,영업중,2성,2019.6.5.,지상10층,503.2,2875.22,51,부산광역시 사하구 낙동남로1423번길 47(하단동) ,일반음식점,부산광역시 사하구 낙동남로1423번길 47 (하단동),부산광역시 사하구 하단동 512-4 브라운도트관광호텔,35.1083364,128.9658364,부산광역시,사하구,하단동,512-4,512,4,2638010300,2638010300-0-05120004,,,,,
637,638,부산광역시,사하구,관광호텔,레이어스호텔,㈜지원홀딩스,-,-,-,지하2층~지상26층,944.58,13439.63,350,부산광역시 사하구 낙동남로 1395(하단동) ,"휴게음식점, 사우나,소매점 등",부산광역시 사하구 낙동남로 1395 (하단동),부산광역시 사하구 하단동 525-4,35.106676,128.9643887,부산광역시,사하구,하단동,525-4,525,4,2638010300,2638010300-0-05250004,,,,,
638,639,부산광역시,동래구,관광호텔,㈜호텔 농심,서흥주,영업중,5성,2020.12.28.,지하2층~지상9층,11624,2915.02,240,부산 동래구 금강공원로20번길 23,"음식점, 카페, 펍 바, 연회장, 유흥주점 등",부산광역시 동래구 금강공원로20번길 23,부산광역시 동래구 온천동 137-7 호텔농심,35.2202587,129.0822417,부산광역시,동래구,온천동,137-7,137,7,2626010800,2626010800-0-01370007,Hotel Nongshim,코리안 스타일 더블룸,"90,844",28m²,2021-12-13
639,640,부산광역시,동래구,관광호텔,브라운도트 사직야구장점,김국선,영업중,-,-,지하1층~지상10층,,2606.23,61,부산 동래구 사직북로13번길 11,,부산광역시 동래구 사직북로13번길 11,부산광역시 동래구 사직동 91-44,35.1966725,129.0601451,부산광역시,동래구,사직동,91-44,91,44,2626010900,2626010900-0-00910044,,,,,
640,641,부산광역시,해운대구,관광호텔,(주)호텔일루아,허주희,영업중,등급신청완료,-,지하2층~지상8층,3145.8,5913.53,57,부산광역시 해운대구 달맞이길 97,"일반음식점, 기념품점 등",부산광역시 해운대구 달맞이길 97,부산광역시 해운대구 중동 1509-3 호텔일루아,35.1589063,129.1745151,부산광역시,해운대구,중동,1509-3,1509,3,2635010600,2635010600-0-15090003,Hotel Illua,스탠다드 시티 트윈,"57,851",36m²,2021-12-13
641,642,부산광역시,해운대구,관광호텔,3.6.9관광호텔,최봉희,영업중,1성,2018-05-08 0:00,지하2층~지상9층,951.4,3092.84,48,부산광역시 해운대구 송정광어골로 70,음식점,부산광역시 해운대구 송정광어골로 70,부산광역시 해운대구 송정동 441-6 플레르호텔,35.175373,129.1959608,부산광역시,해운대구,송정동,441-6,441,6,2635010800,2635010800-0-04410006,,,,,
642,643,부산광역시,해운대구,관광호텔,리베로호텔 (구 호텔리베라해운대),노태성,영업중,2성,2019-07-16 0:00,지하3층~지상16층,6193,37411.65,91,부산광역시 해운대구 구남로29번길 21,음식점,부산광역시 해운대구 구남로29번길 21,부산광역시 해운대구 중동 1380-14 세이브존,35.1623988,129.1612545,부산광역시,해운대구,중동,1380-14,1380,14,2635010600,2635010600-0-13800014,Libero Hotel Haeundae,스탠다드 트윈,"38,860",30m²,2021-12-13
643,644,부산광역시,해운대구,관광호텔,베니키아해운대호텔마리안느,이종근,영업중,3성,2019-04-18 0:00,지하2층~지상22층,827,8053.62,127,부산광역시 해운대구 해운대해변로 310,"일반음식점, 연회장, 수영장, 사우나 등",부산광역시 해운대구 해운대해변로 310,부산광역시 해운대구 중동 1400-24 호텔마리안느,35.1614645,129.1646476,부산광역시,해운대구,중동,1400-24,1400,24,2635010600,2635010600-0-14000024,,,,,
644,645,부산광역시,해운대구,관광호텔,이비스버젯앰배서더해운대,홍진유,영업중,2성,2018-11-07 0:00,지하4층~지상15층,536.8,6363.18,181,부산광역시 해운대구 해운대해변로209번길 8,"회의실, 음식점 등",부산광역시 해운대구 해운대해변로209번길 8,부산광역시 해운대구 우동 651-1 이비스버젯앰배서더부산해운대,35.1590784,129.1545026,부산광역시,해운대구,우동,651-1,651,1,2635010500,2635010500-0-06510001,,,,,
645,646,부산광역시,해운대구,관광호텔,인더스트리호텔,"임형준,윤종익",영업중,2성,,지하1층~지상8층,393.5,1938.1,50,부산광역시 해운대구 구남로24번길 16,일반음식점,부산광역시 해운대구 구남로24번길 16,부산광역시 해운대구 우동 542-28,35.1616174,129.1593299,부산광역시,해운대구,우동,542-28,542,28,2635010500,2635010500-0-05420028,,,,,
646,647,부산광역시,해운대구,관광호텔,제이비디자인호텔,"정지인,전병린",영업중,2성,2020-10-22 0:00,지하1층~지상12층,1062.7,5140.06,80,부산광역시 해운대구 구남로12번길 31,일반음식점,부산광역시 해운대구 구남로12번길 31,부산광역시 해운대구 우동 637-1,35.1617196,129.158064,부산광역시,해운대구,우동,637-1,637,1,2635010500,2635010500-0-06370001,,,,,
647,648,부산광역시,해운대구,관광호텔,㈜신세계조선호텔부산,한채양,영업중,5성,2019-10-08 0:00,지하2층~지상9층,9866.9,29891.53,290,부산광역시 해운대구 동백로 67,"일반음식점, 사우나, 수영장, 연회장 등",부산광역시 해운대구 동백로 67,부산광역시 해운대구 우동 737 (주)조선호텔앤리조트 부산,35.1558165,129.1540569,부산광역시,해운대구,우동,737,737,0,2635010500,2635010500-0-07370000,,,,,
648,649,부산광역시,해운대구,관광호텔,올라호텔,"김승애,장현희",영업중,2성,2018-12-27 0:00,지하1층~지상10층,595.6,2998.54,42,부산광역시 해운대구 송정광어골로 49,휴게음식점,부산광역시 해운대구 송정광어골로 49,부산광역시 해운대구 송정동 437-9,35.1768792,129.1967971,부산광역시,해운대구,송정동,437-9,437,9,2635010800,2635010800-0-04370009,,,,,
649,650,부산광역시,해운대구,관광호텔,파라다이스호텔부산,최종환,영업중,5성,2019-12-29 0:00,지하6층~지상17층,5880,53707.89,528,부산광역시 해운대구 해운대해변로 296,"일반음식점, 헬스장 등",부산광역시 해운대구 해운대해변로 296,부산광역시 해운대구 중동 1411-1 파라다이스호텔부산,35.1599249,129.1641055,부산광역시,해운대구,중동,1411-1,1411,1,2635010600,2635010600-0-14110001,Paradise Hotel Busan,아넥스 디럭스 시티뷰 트윈룸,"225,756",35m²,2021-12-13
650,651,부산광역시,해운대구,관광호텔,파크하얏트부산,권순호,영업중,5성,2019-07-05 0:00,지하6층~지상34층,4300,49378.79,269,부산광역시 해운대구 마린시티1로 51,,부산광역시 해운대구 마린시티1로 51,부산광역시 해운대구 우동 1409-3 파크하얏트부산호텔,35.1565346,129.1417006,부산광역시,해운대구,우동,1409-3,1409,3,2635010500,2635010500-0-14090003,Park Hyatt Busan,디럭스,"293,500",49m²,2021-12-13
651,652,부산광역시,해운대구,관광호텔,호텔포레,신재원,영업중,3성,,지하1층~지상9층,789.51,3082.77,65,부산광역시 해운대구 해운대해변로265번길 13-20,일반음식점,부산광역시 해운대구 해운대해변로265번길 13-20,부산광역시 해운대구 우동 1367 호텔포레 해운대점,35.1606968,129.1602263,부산광역시,해운대구,우동,1367,1367,0,2635010500,2635010500-0-13670000,,,,,
652,653,부산광역시,해운대구,관광호텔,베니키아호텔해운대,이성영,영업중,3성,2019-08-02 0:00,지하2층~지상20층,718,9038.58,156,부산광역시 해운대구 해운대해변로 317,"일반음식점, 휴게음식점, 사우나 등",부산광역시 해운대구 해운대해변로 317,부산광역시 해운대구 중동 1398-23 베니키아 해운대 호텔,35.162273,129.1648384,부산광역시,해운대구,중동,1398-23,1398,23,2635010600,2635010600-0-13980023,,,,,
653,654,부산광역시,해운대구,관광호텔,토요코인부산해운대2,홍지명,영업중,2성,2019-10-14 0:00,지하3층~지상23층,1188.3,14519.39,510,부산광역시 해운대구 해운대해변로237번길 5,일반음식점,부산광역시 해운대구 해운대해변로237번길 5,부산광역시 해운대구 우동 648-2 토요코인부산해운대2호점,35.1595069,129.1573545,부산광역시,해운대구,우동,648-2,648,2,2635010500,2635010500-0-06480002,,,,,
654,655,부산광역시,해운대구,관광호텔,이비스앰배서더부산해운대,박규태,영업중,등급신청완료,-,지하3층~지상20층,955.8,11862.04,237,부산광역시 해운대구 해운대해변로237번길 12,"일반음식점, 일반음식점 등",부산광역시 해운대구 해운대해변로237번길 12,부산광역시 해운대구 우동 629-3 이비스 앰배서더 부산 해운대,35.1598358,129.1579542,부산광역시,해운대구,우동,629-3,629,3,2635010500,2635010500-0-06290003,Ibis Ambassador Busan Haeundae,스탠다드룸,"48,000",21m²,2021-12-13
655,656,부산광역시,해운대구,관광호텔,신라스테이해운대,박상오,영업중,4성,2018-02-14 0:00,지하4층~지상16층,2776,29620.58,407,부산광역시 해운대구 해운대로570번길 46,"일반음식점, 휴게음식점, 연회장, 사우나 등",부산광역시 해운대구 해운대로570번길 46,부산광역시 해운대구 우동 629-6,35.159806,129.1587258,부산광역시,해운대구,우동,629-6,629,6,2635010500,2635010500-0-06290006,Shilla Stay Haeundae,스탠다드 트윈 시티뷰,"122,200",29m²,2021-12-13
656,657,부산광역시,해운대구,관광호텔,호텔라온(부산해운대),김원주,영업중,2성,2018-07-10 0:00,지하`층~지상12층,998.6,4277.15,67,부산광역시 해운대구 송정광어골로 39,"일반음식점, 휴게음식점 등",부산광역시 해운대구 송정광어골로 39,부산광역시 해운대구 송정동 436-1,35.1776556,129.197353,부산광역시,해운대구,송정동,436-1,436,1,2635010800,2635010800-0-04360001,Hotel Laon,Standard Double Room,"95,455",32m²,2021-12-13
657,658,부산광역시,해운대구,관광호텔,선트리호텔,김종태,영업중,2성,2018-09-21 0:00,지하4층~지상6층,548.8,2700.74,32,부산광역시 해운대구 달맞이길 209,"연화장, 수영장, 카페 등",부산광역시 해운대구 달맞이길 209,부산광역시 해운대구 중동 1488-7,35.1595075,129.1832201,부산광역시,해운대구,중동,1488-7,1488,7,2635010600,2635010600-0-14880007,,,,,
658,659,부산광역시,해운대구,관광호텔,브라운도트호텔(송정점),"이준원,김영조",영업중,2성,2018-12-27 0:00,지하1층~지상9층,640.9,1964.46,38,부산광역시 해운대구 송정광어골로 30,일반음식점,부산광역시 해운대구 송정광어골로 30,부산광역시 해운대구 송정동 422-13,35.1787584,129.1973114,부산광역시,해운대구,송정동,422-13,422,13,2635010800,2635010800-0-04220013,Brown Dot Hotel Songjeong,디럭스 더블 ),"45,455",,2021-12-13
659,660,부산광역시,해운대구,관광호텔,페어필드 바이 메리어트 부산,신채영,영업중,3성,2019-05-08 0:00,지하2층~지상19층,761,8546.81,225,부산광역시 해운대구 해운대해변로 314,일반음식점,부산광역시 해운대구 해운대해변로 314,부산광역시 해운대구 중동 1400-60 페어필드 바이 메리어트,35.1616303,129.1648474,부산광역시,해운대구,중동,1400-60,1400,60,2635010600,2635010600-0-14000060,Fairfield by Marriott Busan,"스탠다드 시티뷰 룸  , City view)","59,091",23m²,2021-12-13
660,661,부산광역시,해운대구,관광호텔,소사이어티 에스호텔 해운대,구상호,영업중,2성,2019-04-02 0:00,지상1층~지상12층,326.3,2328.5,72,부산광역시 해운대구 구남로12번길 37,일반음식점,부산광역시 해운대구 구남로12번길 37,부산광역시 해운대구 우동 637-25,35.1615454,129.1578255,부산광역시,해운대구,우동,637-25,637,25,2635010500,2635010500-0-06370025,,,,,
661,662,부산광역시,해운대구,관광호텔,(주)호텔롯데 시그니엘 부산,김현식,영업중,5성,2020-11-23 0:00,지하2층~지상19층,47944,55352.83,260,"부산광역시 해운대구 달맞이길 30 (중동, 엘시티)","음식점, 연회장, 사우나, 수영장 등","부산광역시 해운대구 달맞이길 30 (중동, 엘시티)",부산광역시 해운대구 중동 1829 엘시티,35.161064,129.1683765,부산광역시,해운대구,중동,1829,1829,0,2635010600,2635010600-0-18290000,,,,,
662,663,부산광역시,해운대구,관광호텔,(주)신세계조선호텔그랜드조선 부산,한채양,영업중,등급신청완료,-,지하4층~지상16층,4727,42081.82,330,"부산광역시 해운대구 해운대해변로 292, 그랜드조선 부산(중동)","일반음식점, 휴게음식점, 연회장, 수영장 등","부산광역시 해운대구 해운대해변로 292, 그랜드조선 부산 (중동)",부산광역시 해운대구 중동 1405-16 그랜드 조선 부산,35.160102,129.1631314,부산광역시,해운대구,중동,1405-16,1405,16,2635010600,2635010600-0-14050016,,,,,
663,664,부산광역시,해운대구,가족호텔,송정 해수락,이용범,영업중,,,지하1층~지상6층,1853,5765.039,37,부산광역시 해운대구 송정해변로 8-17,"헬스장, 사우나 등",부산광역시 해운대구 송정해변로 8-17,부산광역시 해운대구 송정동 265 송정동해수락,35.1814852,129.2043619,부산광역시,해운대구,송정동,265,265,0,2635010800,2635010800-0-02650000,,,,,
664,665,부산광역시,해운대구,호스텔,스테이 모어 호스텔,신수은,영업중,,,지하1층~지상2층,444.3,506.55,6,부산광역시 해운대구 송정광어골로 88(송정동),일반음식점,부산광역시 해운대구 송정광어골로 88 (송정동),부산광역시 해운대구 송정동 445-5,35.1737172,129.1962911,부산광역시,해운대구,송정동,445-5,445,5,2635010800,2635010800-0-04450005,,,,,
665,666,부산광역시,해운대구,호스텔,송정아토 호스텔,예수환,영업중,,,지상1층~지상4층,609.8,665.06,7,부산광역시 해운대구 송정강변로 23(송정동),,부산광역시 해운대구 송정강변로 23 (송정동),부산광역시 해운대구 송정동 195-3,35.1836164,129.2053435,부산광역시,해운대구,송정동,195-3,195,3,2635010800,2635010800-0-01950003,,,,,
666,667,부산광역시,해운대구,호스텔,스테이 안,김한진,영업중,,,지상2층~지상5층,245.2,652.36,18,부산광역시 해운대구 해운대로 107(송정동),,부산광역시 해운대구 해운대로 107 (송정동),부산광역시 해운대구 재송동 1071-27 스테이안,35.1876561,129.1212358,부산광역시,해운대구,재송동,1071-27,1071,27,2635010400,2635010400-0-10710027,,,,,
667,668,부산광역시,해운대구,호스텔,25th hostel,김윤희,영업중,,,지상3층,706.6,195.26,8,부산광역시 해운대구 송정광어골로 29(송정동),,부산광역시 해운대구 송정광어골로 29 (송정동),부산광역시 해운대구 송정동 313-10 수정빌딩,35.1785685,129.1979049,부산광역시,해운대구,송정동,313-10,313,10,2635010800,2635010800-0-03130010,,,,,
668,669,부산광역시,해운대구,호스텔,이너피스,"노철구,조옥진",영업중,,,지상2층~지상4층,284.3,375.38,5,부산광역시 해운대구 송정광어골로82번길 16,,부산광역시 해운대구 송정광어골로82번길 16,부산광역시 해운대구 송정동 444-9,35.1742192,129.1957592,부산광역시,해운대구,송정동,444-9,444,9,2635010800,2635010800-0-04440009,,,,,
669,670,부산광역시,해운대구,호스텔,캔버스블랙,서영호,영업중,,,지상1층~지상5층,548,1466.5577,27,부산광역시 해운대구 해운대해변로197번길 14,,부산광역시 해운대구 해운대해변로197번길 14,부산광역시 해운대구 우동 866-3 캔버스,35.1593725,129.1529775,부산광역시,해운대구,우동,866-3,866,3,2635010500,2635010500-0-08660003,,,,,
670,671,부산광역시,해운대구,호스텔,엣지 993(edge 993),송현숙,영업중,,,지하1층~지상4층,226,799.66,15,부산광역시 해운대구 달맞이길62번길 78,,부산광역시 해운대구 달맞이길62번길 78,부산광역시 해운대구 중동 993-3,35.1564077,129.1751287,부산광역시,해운대구,중동,993-3,993,3,2635010600,2635010600-0-09930003,,,,,
671,672,부산광역시,해운대구,호스텔,야자호텔,이학우,영업중,,,지상6층,355.1,122.91,3,"부산광역시 해운대구 해운대로143번길 16-9, 6층(재송동)",,"부산광역시 해운대구 해운대로143번길 16-9, 6층 (재송동)",부산광역시 해운대구 재송동 1100-8 티모텔,35.1843841,129.1223107,부산광역시,해운대구,재송동,1100-8,1100,8,2635010400,2635010400-0-11000008,Yaja Hotel Gwangan ,스탠다드룸,"54,545",,2021-12-13
672,673,부산광역시,해운대구,호스텔,Nudge567,노종일,영업중,,,지상4층~지상5층,478.3,335.28,4,부산광역시 해운대구 송정광어골로 67(송정동),,부산광역시 해운대구 송정광어골로 67 (송정동),부산광역시 해운대구 송정동 442-5,35.1753744,129.1964659,부산광역시,해운대구,송정동,442-5,442,5,2635010800,2635010800-0-04420005,,,,,
673,674,부산광역시,해운대구,호스텔,MARINE K POOL VILLA,"김성환,김보경",영업중,,,지상1층~지상9층,248,787.29,10,부산광역시 해운대구 송정광어골로 3(송정동),,부산광역시 해운대구 송정광어골로 3 (송정동),부산광역시 해운대구 송정동 159-5 마린케이,35.1806066,129.1992106,부산광역시,해운대구,송정동,159-5,159,5,2635010800,2635010800-0-01590005,,,,,
674,675,부산광역시,해운대구,호스텔,제인하우스,박유진,영업중,,,지상7층,129,82.97,2,"부산광역시 해운대구 해운대해변로359번길 27, 7층",,"부산광역시 해운대구 해운대해변로359번길 27, 7층",부산광역시 해운대구 중동 1256-4 승훈빌딩,35.1648859,129.1684037,부산광역시,해운대구,중동,1256-4,1256,4,2635010600,2635010600-0-12560004,,,,,
675,676,부산광역시,해운대구,호스텔,더크립 34,이동훈,영업중,,,지상3층~지상4층,129,165.94,4,"부산광역시 해운대구 해운대해변로359번길 27, 3~4층",,"부산광역시 해운대구 해운대해변로359번길 27, 3~4층",부산광역시 해운대구 중동 1256-4 승훈빌딩,35.1648859,129.1684037,부산광역시,해운대구,중동,1256-4,1256,4,2635010600,2635010600-0-12560004,,,,,
676,677,부산광역시,해운대구,호스텔,더크립 56,강선구,영업중,,,지상5층~지상6층,129,165.94,4,"부산광역시 해운대구 해운대해변로359번길 27, 5~6층",,"부산광역시 해운대구 해운대해변로359번길 27, 5~6층",부산광역시 해운대구 중동 1256-4 승훈빌딩,35.1648859,129.1684037,부산광역시,해운대구,중동,1256-4,1256,4,2635010600,2635010600-0-12560004,,,,,
677,678,부산광역시,해운대구,호스텔,휘겔리 스위트,박지석,영업중,,,지상6층,663.01,360.46,9,"해운대구 달맞이길62번가길 37, 6층",,"부산광역시 해운대구 달맞이길62번가길 37, 6층",부산광역시 해운대구 중동 1026 휘겔리,35.1584821,129.1719063,부산광역시,해운대구,중동,1026,1026,0,2635010600,2635010600-0-10260000,,,,,
678,679,부산광역시,해운대구,호스텔,앙스모멍,"이경규,신영숙",영업중,,,지상3층~지상5층,363.6,377.64,7,해운대구 송정중앙로36번길 25,,부산광역시 해운대구 송정중앙로36번길 25,부산광역시 해운대구 송정동 291-11,35.1814616,129.2031017,부산광역시,해운대구,송정동,291-11,291,11,2635010800,2635010800-0-02910011,,,,,
679,680,부산광역시,해운대구,호스텔,일로이리조트,이학우,영업중,,,지상1층~지상4층,412,591.94,7,해운대구 송정구덕포길 130(송정동),,부산광역시 해운대구 송정구덕포길 130 (송정동),부산광역시 해운대구 송정동 809,35.1700339,129.1972445,부산광역시,해운대구,송정동,809,809,0,2635010800,2635010800-0-08090000,Illroy Resort,스위트룸 - 도시 전망,"114,627",66m²,2021-12-13
680,681,부산광역시,해운대구,호스텔,송정미연,김미연,영업중,,,지상3층~지상5층,362.9,579.84,8,해운대구 송정광어골로 58-1,,부산광역시 해운대구 송정광어골로 58-1,부산광역시 해운대구 송정동 438-11,35.1764535,129.1958562,부산광역시,해운대구,송정동,438-11,438,11,2635010800,2635010800-0-04380011,,,,,
681,682,부산광역시,해운대구,호스텔,그림하우스,황보국정,영업중,,,지상1층~지상4층,604,478.93,5,"해운대구 송정구덕포길 64, 2~4층(송정동)",,"부산광역시 해운대구 송정구덕포길 64, 2~4층 (송정동)",부산광역시 해운대구 송정동 793-1,35.1729361,129.1974181,부산광역시,해운대구,송정동,793-1,793,1,2635010800,2635010800-0-07930001,grim house,302ho,"108,942",40m²,2021-12-13
682,683,부산광역시,해운대구,호스텔,카이브,조현우,영업중,,,지상5층~지상9층,309.1,757.6,12,부산광역시 해운대구 송정광어골로 15,,부산광역시 해운대구 송정광어골로 15,부산광역시 해운대구 송정동 312-5,35.1796458,129.1986098,부산광역시,해운대구,송정동,312-5,312,5,2635010800,2635010800-0-03120005,,,,,
683,684,부산광역시,해운대구,호스텔,송정스카이부티크,유태경,영업중,,,지상3층~지상6층,148,317.56,3,"부산광역시 해운대구 송정중앙로6번길 118, 3~6층(송정동)",,"부산광역시 해운대구 송정중앙로6번길 118, 3~6층 (송정동)",부산광역시 해운대구 송정동 312-8,35.1791173,129.1984056,부산광역시,해운대구,송정동,312-8,312,8,2635010800,2635010800-0-03120008,,,,,
684,685,부산광역시,해운대구,호스텔,빌라 코트야드,강현숙,영업중,,,지상1층~지상7층,176.2,545.44,5,부산광역시 해운대구 송정중앙로6번길 54 (송정동),,부산광역시 해운대구 송정중앙로6번길 54 (송정동),부산광역시 해운대구 송정동 158-3,35.1815561,129.200018,부산광역시,해운대구,송정동,158-3,158,3,2635010800,2635010800-0-01580003,,,,,
685,686,부산광역시,해운대구,호스텔,송정스카이풀,송현석,영업중,,,지상3층~지상5층,450.9,751.4,7,"부산광역시 해운대구 송정광어골로 19, 3~5층 (송정동)",,"부산광역시 해운대구 송정광어골로 19, 3~5층 (송정동)",부산광역시 해운대구 송정동 312-10 씨엔씨빌딩,35.1793339,129.1984359,부산광역시,해운대구,송정동,312-10,312,10,2635010800,2635010800-0-03120010,,,,,
686,687,부산광역시,해운대구,호스텔,펜톤나인,신무승,영업중,,,지상2층~지상4층,317.4,440.4,7,"부산광역시 해운대구 송정광어골로 15-1, 2~4층 (송정동)",,"부산광역시 해운대구 송정광어골로 15-1, 2~4층 (송정동)",부산광역시 해운대구 송정동 312-6,35.1795371,129.1986397,부산광역시,해운대구,송정동,312-6,312,6,2635010800,2635010800-0-03120006,,,,,
687,688,부산광역시,해운대구,호스텔,팝콘호스텔,문석준,영업중,,,지상10층~지상11층,552,769.29,17,"부산광역시 해운대해변로 321 (중동, 마린타워 10층~11층)",,"부산광역시 해운대구 해운대해변로 321 (중동, 마린타워 10층~11층)",부산광역시 해운대구 중동 1398-7 해운대구중동마린타워,35.1624945,129.1652538,부산광역시,해운대구,중동,1398-7,1398,7,2635010600,2635010600-0-13980007,Popcorn Hostel Haeundae,더블룸,"39,704",24m²,2021-12-13
688,689,부산광역시,해운대구,호스텔,부산관광호스텔,나호영,영업중,,,지상1층~지상2층,503.5,426.31,9,부산광역시 해운대구 송정중앙로33번길 15(송정동),,부산광역시 해운대구 송정중앙로33번길 15 (송정동),부산광역시 해운대구 송정동 201-3,35.1830652,129.2044321,부산광역시,해운대구,송정동,201-3,201,3,2635010800,2635010800-0-02010003,,,,,
689,690,부산광역시,해운대구,호스텔,해운대 카라반호스텔,석호원,영업중,,,지상1층~지상2층,683.6,231.44,5,부산광역시 해운대구 송정중앙로6번길 180(송정동),,부산광역시 해운대구 송정중앙로6번길 180 (송정동),부산광역시 해운대구 송정동 437-7,35.1766571,129.1967082,부산광역시,해운대구,송정동,437-7,437,7,2635010800,2635010800-0-04370007,,,,,
690,691,부산광역시,해운대구,호스텔,뉴카리브호스텔,김영란,영업중,,,지상6층~지상9층,404.8,1806.33,18,부산광역시 해운대구 송정광어골로 47(송정동),,부산광역시 해운대구 송정광어골로 47 (송정동),부산광역시 해운대구 송정동 437-1,35.1770331,129.1968749,부산광역시,해운대구,송정동,437-1,437,1,2635010800,2635010800-0-04370001,,,,,
691,692,부산광역시,해운대구,호스텔,3355호스텔,윤예자,영업중,,,지상2층,297,187.58,5,"부산광역시 해운대구 달맞이길62번가길 31, 2층 (중동)",,"부산광역시 해운대구 달맞이길62번가길 31, 2층 (중동)",부산광역시 해운대구 중동 964 마린하우스,35.1586791,129.1716261,부산광역시,해운대구,중동,964,964,0,2635010600,2635010600-0-09640000,,,,,
692,693,부산광역시,해운대구,호스텔,j.sun게스트하우스,여지선,영업중,,,지상1층~지상2층,200,195.89,5,부산광역시 해운대구 우동1로20번길 5(우동),,부산광역시 해운대구 우동1로20번길 5 (우동),부산광역시 해운대구 우동 532-25,35.1638503,129.1570116,부산광역시,해운대구,우동,532-25,532,25,2635010500,2635010500-0-05320025,,,,,
693,694,부산광역시,해운대구,호스텔,모닝캄,최재영,영업중,,,지하1층~지상4층,273.1,465.03,8,부산광역시 해운대구 송정광어골로 65(송정동),,부산광역시 해운대구 송정광어골로 65 (송정동),부산광역시 해운대구 송정동 442-4 모닝캄,35.1756133,129.1964556,부산광역시,해운대구,송정동,442-4,442,4,2635010800,2635010800-0-04420004,,,,,
694,695,부산광역시,해운대구,호스텔,캔버스,서영호,영업중,,,지하1층~지상6층,622,1367.34,28,부산광역시 해운대구 해운대해변로197번길 13(송정동),,부산광역시 해운대구 해운대해변로197번길 13 (송정동),부산광역시 해운대구 우동 762-2 아이비모텔,35.1591859,129.1526585,부산광역시,해운대구,우동,762-2,762,2,2635010500,2635010500-0-07620002,,,,,
695,696,부산광역시,해운대구,콘도미니엄,한화리조트,문석,영업중,,,지하6층~지상32층,4517.5,54827.12,417,부산광역시 해운대구 마린시티3로 52,"음식점, 사우나, 매점 등",부산광역시 해운대구 마린시티3로 52,부산광역시 해운대구 우동 1410-3 한화리조트,35.1544213,129.1450164,부산광역시,해운대구,우동,1410-3,1410,3,2635010500,2635010500-0-14100003,Hanwha Resort Haeundae,Family,"167,818",50m²,2021-12-13
696,697,부산광역시,해운대구,콘도미니엄,팔레드시즈,김영철,영업중,,,지하3층~지상17층,13665,101631.11,331,부산광역시 해운대구 해운대해변로 298번길 24,"일반음식점, 매점 등",부산광역시 해운대구 해운대해변로 298번길 24,부산광역시 해운대구 중동 1124-2 팔레드시즈,35.1602157,129.1666037,부산광역시,해운대구,중동,1124-2,1124,2,2635010600,2635010600-0-11240002,,,,,
697,698,부산광역시,해운대구,콘도미니엄,대우월드마크 해운대,윤시흥,영업중,,,지하2층~지상39층,5202.9,66633.29,393,부산광역시 해운대구 마린시티1로 137,"헬스장, 매점 등",부산광역시 해운대구 마린시티1로 137,부산광역시 해운대구 우동 1435-2 대우월드마크해운대,35.1560042,129.1468592,부산광역시,해운대구,우동,1435-2,1435,2,2635010500,2635010500-0-14350002,,,,,
698,699,부산광역시,해운대구,콘도미니엄,(주)이랜드파크 켄싱턴리조트 해운대,윤성대,휴업중,,,지하2층~지상17층,2822.4,19978.14,244,부산광역시 해운대구 해운대해변로 243(우동),"음식점, 사우나 등",부산광역시 해운대구 해운대해변로 243 (우동),부산광역시 해운대구 우동 628-5 글로리관광휴양콘도미니엄,35.159452,129.1579153,부산광역시,해운대구,우동,628-5,628,5,2635010500,2635010500-0-06280005,,,,,
699,700,부산광역시,해운대구,소형호텔,미포오션사이드호텔㈜,김용호,영업중,2성,2020-11-20 0:00,지하1층~지상4층,1649.13,3932.98,28,"부산광역시 해운대구 달맞이길62번길 28, 미포오션사이드호텔(중동)","일반음식점, 회의실 등","부산광역시 해운대구 달맞이길62번길 28, 미포오션사이드호텔 (중동)",부산광역시 해운대구 중동 957-1 미포오션사이드호텔,35.1588665,129.1705914,부산광역시,해운대구,중동,957-1,957,1,2635010600,2635010600-0-09570001,Mipo Oceanside Hotel,시티 트윈,"45,116",20m²,2021-12-13
700,701,부산광역시,동구,관광호텔,(주)라메르관광호텔,이태은 외 1 명,영업중,2성,2017-12-29 0:00,지하1~지상9층,849.94,4776.02,40,부산광역시 동구 조방로34번길 9 (범일동),"사우나, 찜질방.피트니트센터",부산광역시 동구 조방로34번길 9 (범일동),부산광역시 동구 범일동 830-171 뉴라이프호텔,35.1404237,129.0623798,부산광역시,동구,범일동,830-171,830,171,2617010400,2617010400-0-08300171,,,,,
701,702,부산광역시,동구,관광호텔,광장관광호텔,최위흔,영업중,2성,2018-05-30 0:00,지하2~지상10층,1509.5,5543.04,56,부산광역시 동구 중앙대로214번길 7 (초량동),"사우나,일반음식점,휴게음식점",부산광역시 동구 중앙대로214번길 7 (초량동),부산광역시 동구 초량동 1200-17,35.1161921,129.0413534,부산광역시,동구,초량동,1200-17,1200,17,2617010100,2617010100-0-12000017,,,,,
702,703,부산광역시,동구,관광호텔,프라임관광호텔,오준오,영업중,2성,2018-12-11 0:00,지하1~지상8층,474.8,3998.65,48,부산광역시 동구 중앙대로 399 (수정동),연회장,부산광역시 동구 중앙대로 399 (수정동),부산광역시 동구 수정동 1-62,35.1305947,129.0501798,부산광역시,동구,수정동,1-62,1,62,2617010200,2617010200-0-00010062,Prime Tourist Hotel,스탠다드 더블,"38,514",26m²,2021-12-13
703,704,부산광역시,동구,관광호텔,토요코인 부산역1,홍지명,영업중,2성,2018-03-26 0:00,지하3~지상22층,783.2,9743.54,359,부산광역시 동구 중앙대로196번길 12 (초량동),"조식코너,회의실",부산광역시 동구 중앙대로196번길 12 (초량동),부산광역시 동구 초량동 1203-15 토요코인부산역Ⅰ,35.1141404,129.0407721,부산광역시,동구,초량동,1203-15,1203,15,2617010100,2617010100-0-12030015,Toyoko Inn Busan Station 1,세미 더블,"59,999",13m²,2021-12-13
704,705,부산광역시,동구,관광호텔,(주)아이에이치엠 호텔포레 부산역지점,신재원,영업중,2성,2018-12-27 0:00,지하1~지상9층,411.9,2851.86,47,부산광역시 동구 중앙대로296번길 6 (초량동),레스토랑,부산광역시 동구 중앙대로296번길 6 (초량동),부산광역시 동구 초량동 1162-3 호텔포레 부산역점,35.1225777,129.0446176,부산광역시,동구,초량동,1162-3,1162,3,2617010100,2617010100-0-11620003,,,,,
705,706,부산광역시,동구,관광호텔,베스트 인 시티 호텔,최관택 외 2 명,영업중,2성,2020-09-18 0:00,지하1~지상8층,831.5,3644.54,72,부산광역시 동구 고관로 7 (초량동),식당,부산광역시 동구 고관로 7 (초량동),부산광역시 동구 초량동 48-1,35.1203091,129.0414799,부산광역시,동구,초량동,Jan-48,48,1,2617010100,2617010100-0-00480001,Best In City Hotel,Standard Double.,"39,999",,2021-12-13
706,707,부산광역시,동구,관광호텔,아스티호텔 주식회사,조진호,영업중,4성,2018-11-26 0:00,지하5~지상24층,3684.6,56695.97,360,부산광역시 동구 중앙대로214번길 7-8 (초량동),"미팅룸,연회장,음식점,피트니스센터",부산광역시 동구 중앙대로214번길 7-8 (초량동),부산광역시 동구 초량동 1201-1,35.1161879,129.0417391,부산광역시,동구,초량동,1201-1,1201,1,2617010100,2617010100-0-12010001,,,,,
707,708,부산광역시,동구,호스텔,부산숙박닷컴 게스트하우스,박인규,영업중,-,-,지하0~지상2층,266.18,1095.87,13,"부산광역시 동구 초량중로 60, 2, 3층일부층 (초량동)",-,"부산광역시 동구 초량중로 60, 2, 3층일부층 (초량동)",부산광역시 동구 초량동 408-3,35.1171481,129.0385206,부산광역시,동구,초량동,408-3,408,3,2617010100,2617010100-0-04080003,Busan Sukbak Dot Com Guest House,여성 전용 쿼드러플룸,"38,209",13m²,2021-12-13
708,709,부산광역시,동구,호스텔,소호스텔,최수향,영업중,-,-,지하0~지상7층,"247.3
","672
",18,부산광역시 동구 중앙대로226번길 3-2 (초량동),-,부산광역시 동구 중앙대로226번길 3-2 (초량동),부산광역시 동구 초량동 1197-6,35.1170845,129.0416589,부산광역시,동구,초량동,1197-6,1197,6,2617010100,2617010100-0-11970006,,,,,
709,710,부산광역시,동구,호스텔,싱글싱글,김민지,영업중,-,-,지하1~지상4층,"81.2
","244.32
",10,부산광역시 동구 초량중로 18-1 (초량동),-,부산광역시 동구 초량중로 18-1 (초량동),부산광역시 동구 초량동 597-8,35.1137053,129.0368181,부산광역시,동구,초량동,597-8,597,8,2617010100,2617010100-0-05970008,,,,,
710,711,부산광역시,동구,호스텔,워라밸 게스트하우스,김태훈,영업중,-,-,지하0~지상4층,86,236.23,2,"부산광역시 동구 초량중로 11, 2층 (초량동)",-,"부산광역시 동구 초량중로 11, 2층 (초량동)",부산광역시 동구 초량동 1057-85,35.1131605,129.0362653,부산광역시,동구,초량동,1057-85,1057,85,2617010100,2617010100-0-10570085,,,,,
711,712,부산광역시,부산진구,관광호텔,(주)부산롯데호텔,(주)부산롯데호텔,영업중,5성급(기간만료),,47(지하4~지상43),(불명),183804,650,부산광역시 부산진구 가야대로 772 (부전동),"양식당(1), 한식당(1), 일식당(1), 뷔페(1), 연회장(1)",부산광역시 부산진구 가야대로 772 (부전동),부산광역시 부산진구 부전동 503-15 롯데백화점부산본점,35.1568255,129.0564313,부산광역시,부산진구,부전동,503-15,503,15,2623010300,2623010300-0-05030015,,,,,
712,713,부산광역시,부산진구,관광호텔,토요코인 부산서면,토요코인코리아(주),영업중,2성급,2019-02-11 0:00,21(지하4~지상17),661,8426.73,308,"부산광역시 부산진구 서전로 39 (전포동, 토요코인부산지점)","레스토랑(1), 세탁실(1)","부산광역시 부산진구 서전로 39 (전포동, 토요코인부산지점)",부산광역시 부산진구 전포동 666-8 토요코인부산지점,35.1579814,129.0640589,부산광역시,부산진구,전포동,666-8,666,8,2623010200,2623010200-0-06660008,Toyoko Inn Busan Seomyeon,이코노미 더블룸,"58,416",12m²,2021-12-13
713,714,부산광역시,부산진구,관광호텔,이비스 앰배서더 부산 씨티 센터,(주)부산시티센터,영업중,3성급,2018-12-28 0:00,19(지하4~지상15),1583.8,19846,207,"부산광역시 부산진구 중앙대로 777 (부전동, 서면호텔 복합시설)","레스토랑&바(1), 연회장(1), 세탁실(1), 병원(1)","부산광역시 부산진구 중앙대로 777 (부전동, 서면호텔 복합시설)",부산광역시 부산진구 부전동 573-7 서면호텔 복합시설,35.1618574,129.0618849,부산광역시,부산진구,부전동,573-7,573,7,2623010300,2623010300-0-05730007,,,,,
714,715,부산광역시,부산진구,관광호텔,부산비즈니스호텔,(주)부산비즈니스호텔,영업중,3성급,2019-02-01 0:00,13(지하2~지상11),1238.7,10894.42,234,부산광역시 부산진구 부전로 67 (부전동),"연회장(1), 부페(1)",부산광역시 부산진구 부전로 67 (부전동),부산광역시 부산진구 부전동 512-4,35.1561498,129.0544093,부산광역시,부산진구,부전동,512-4,512,4,2623010300,2623010300-0-05120004,Busan Business Hotel,Business Double Room,"62,972",17m²,2021-12-13
715,716,부산광역시,부산진구,관광호텔,신신호텔,,영업중,2성급,2019-04-02 0:00,7(지하1~지상6),1528.2,5004.76,45,"부산광역시 부산진구 중앙대로743번길 24 (부전동, 신신호텔)","한식당(1),카페(1),노래방 및 노래주점(2)","부산광역시 부산진구 중앙대로743번길 24 (부전동, 신신호텔)",부산광역시 부산진구 부전동 263-11 신신호텔,35.1598044,129.0589832,부산광역시,부산진구,부전동,263-11,263,11,2623010300,2623010300-0-02630011,Shin Shin Hotel,디럭스 트윈,"32,231",36m²,2021-12-13
716,717,부산광역시,부산진구,관광호텔,TRT호텔,(주)한송,영업중,2성급,2018-11-09 0:00,9(지하1~지상8),388.65,2514.91,48,부산광역시 부산진구 부전로 33-1 (부전동),식품접객(1),부산광역시 부산진구 부전로 33-1 (부전동),부산광역시 부산진구 부전동 526-18,35.1532435,129.0558456,부산광역시,부산진구,부전동,526-18,526,18,2623010300,2623010300-0-05260018,TRT Hotel,스탠다드 트윈,"38,379",25m²,2021-12-13
717,718,부산광역시,부산진구,관광호텔,오스카호텔,김유경,영업중,1성급(기간만료),,11(지하2~지상9),(불명),3356.19,69,"부산광역시 부산진구 부전로 18-5 (부전동, 오스카호텔)","휴게실(1), 회의실(1)","부산광역시 부산진구 부전로 18-5 (부전동, 오스카호텔)",부산광역시 부산진구 부전동 522-40,35.1522385,129.0570963,부산광역시,부산진구,부전동,522-40,522,40,2623010300,2623010300-0-05220040,,,,,
718,719,부산광역시,부산진구,관광호텔,라이온호텔,황창만,영업중,1성급(기간만료),,11(지하1~지상10),528.5,3388.42,73,부산광역시 부산진구 중앙대로691번가길 14-7 (부전동),식당(1),부산광역시 부산진구 중앙대로691번가길 14-7 (부전동),부산광역시 부산진구 부전동 519-26,35.1552121,129.0561784,부산광역시,부산진구,부전동,519-26,519,26,2623010300,2623010300-0-05190026,Lion Hotel,체크인시 객실 배정  Room assignment upon check-in ),"36,855",,2021-12-13
719,720,부산광역시,부산진구,관광호텔,사우스반데코 호텔,주식회사 포스타홀스,영업중,2성급,2018-10-05 0:00,12(지하1~지상11),462.3,2944.85,56,부산광역시 부산진구 서면로 6 (부전동),일반음식점(1),부산광역시 부산진구 서면로 6 (부전동),부산광역시 부산진구 부전동 534-3,35.1510504,129.0581979,부산광역시,부산진구,부전동,534-3,534,3,2623010300,2623010300-0-05340003,SOUTHVANDECO HOTEL,스탠다드 더블,"54,342",23m²,2021-12-13
720,721,부산광역시,부산진구,관광호텔,티티호텔,티티호텔 주식회사,영업중,3성급,2019-05-20 0:00,21(지하2~지상19),570.6,6858.24,103,부산광역시 부산진구 새싹로 35 (부전동),"켄벤션홀(1), 일반음식점(1), 휴게음식점(1)",부산광역시 부산진구 새싹로 35 (부전동),부산광역시 부산진구 부전동 401-12,35.1606506,129.0564822,부산광역시,부산진구,부전동,401-12,401,12,2623010300,2623010300-0-04010012,,,,,
721,722,부산광역시,부산진구,호스텔,퀸스호텔,손성호 외 1 명,영업중,,,11(지하1층~지상19층),1915,,41,부산광역시 부산진구 부전로 56 (부전동),,부산광역시 부산진구 부전로 56 (부전동),부산광역시 부산진구 부전동 515-54,35.1550304,129.0552932,부산광역시,부산진구,부전동,515-54,515,54,2623010300,2623010300-0-05150054,Queens Hotel Seomyeon,스탠다드 더블룸,"47,489",21m²,2021-12-13
722,723,부산광역시,부산진구,호스텔,트래블라이트,김현식,영업중,,,9(지하1층~지상8층),"337,29",,10,"부산광역시 부산진구 서면로68번길 52, 7층 (부전동)",,"부산광역시 부산진구 서면로68번길 52, 7층 (부전동)",부산광역시 부산진구 부전동 242-13,35.1546664,129.0582526,부산광역시,부산진구,부전동,242-13,242,13,2623010300,2623010300-0-02420013,,,,,
